"ï»¿StudentID","Age","Gender","Ethnicity","ParentalEducation","StudyTimeWeekly","Absences","Tutoring","ParentalSupport","Extracurricular","Sports","Music","Volunteering","GPA","confidence(2)","confidence(1)","confidence(4)","confidence(3)","confidence(0)","prediction(GradeClass)"
"2460","17","0","0","2","16.180","29","0","2","0","0","0","0","0.589",0.0,0.0,1.0,0.0,0.0,"4"
"2461","15","0","1","2","16.007","29","1","0","0","1","1","0","0.682",0.0,0.0,1.0,0.0,0.0,"4"
"2462","15","0","3","2","9.140","5","1","3","0","0","0","0","2.819",0.4444444444444444,0.4444444444444444,0.0,0.1111111111111111,0.0,"2"
"2463","15","1","1","1","12.130","25","0","3","0","0","1","0","0.745",0.0,0.0,1.0,0.0,0.0,"4"
"2464","17","0","0","2","12.085","29","0","4","1","0","0","1","0.725",0.0,0.0,1.0,0.0,0.0,"4"
"2465","17","1","0","2","16.543","8","1","1","1","0","0","0","2.927",0.6666666666666666,0.0,0.0,0.3333333333333333,0.0,"2"
"2466","16","0","1","0","8.500","29","0","2","1","1","0","0","0.552",0.0,0.0,1.0,0.0,0.0,"4"
"2467","16","1","0","2","5.509","24","0","3","1","1","0","0","1.299",0.0,0.0,1.0,0.0,0.0,"4"
"2468","16","0","2","1","5.301","25","0","3","1","1","0","1","1.187",0.0,0.0,1.0,0.0,0.0,"4"
"2469","18","1","2","1","10.724","3","0","3","0","1","0","1","3.333",0.5,0.0,0.0,0.5,0.0,"2"
"2470","15","1","1","0","8.983","16","0","1","0","0","0","0","1.489",0.0,0.0,1.0,0.0,0.0,"4"
"2471","15","0","0","2","8.802","1","1","1","1","0","1","0","3.307",0.6666666666666666,0.0,0.0,0.3333333333333333,0.0,"2"
"2472","16","1","0","2","1.823","15","1","1","0","0","0","0","1.611",0.06666666666666667,0.0,0.9333333333333333,0.0,0.0,"4"
"2473","15","1","0","2","14.372","23","0","4","1","1","0","57378500596372","1.922",0.0,0.0,0.9814814814814815,0.018518518518518517,0.0,"4"
"2474","16","1","0","2","4.275","13","0","1","0","0","0","0","1.674",0.0,0.0,0.8,0.2,0.0,"4"
"2475","18","1","0","3","3.939","25","0","2","0","0","1","0","0.491",0.0,0.0,1.0,0.0,0.0,"4"
"2476","18","1","1","1","8.255","7","0","2","0","0","0","1","2.232",0.9,0.1,0.0,0.0,0.0,"2"
"2477","17","1","1","1","4.556","13","1","2","1","0","1","0","2.259",0.0,0.0,0.0,1.0,0.0,"3"
"2478","18","1","0","3","11.677","1","1","2","0","0","0","0","3.454",0.6666666666666666,0.3333333333333333,0.0,0.0,0.0,"2"
"2479","16","1","0","1","7.429","15","1","3","1","0","0","0","2.159",0.3333333333333333,0.0,0.0,0.6666666666666666,0.0,"3"
"2480","18","0","0","4","8.978","3","0","2","0","1","0","0","2.748",0.8181818181818182,0.18181818181818182,0.0,0.0,0.0,"2"
"2481","17","0","0","3","10.743","0","0","1","1","0","0","1","3.324",0.0,1.0,0.0,0.0,0.0,"1"
"2482","15","1","2","270710449636097","22","0","2","0","0","0","0","0.910","1.922",0.0,0.5,0.0,0.0,0.5,"1"
"2483","16","1","0","4","3.115","19","0","3","0","1","0","0","1.168",0.0,0.0,0.9821428571428571,0.017857142857142856,0.0,"4"
"2484","15","0","0","0","17.608","26","0","4","0","0","0","0","1.220",0.0,0.0,1.0,0.0,0.0,"4"
"2485","17","0","0","1","8.674","13","1","3","0","0","1","0","2.335",0.0,0.0,0.0,1.0,0.0,"3"
"2486","17","0","2","2","8.242","7","1","3","0","0","0","0","2.845",0.0,0.3333333333333333,0.0,0.6666666666666666,0.0,"3"
"2487","17","1","1","1","0.712","24","1","2","1","0","0","0","0.972",0.0,0.0,1.0,0.0,0.0,"4"
"2488","15","0","0","3","9.960","27","1","3","0","0","0","1","0.856",0.0,0.0,1.0,0.0,0.0,"4"
"2489","15","1","1","0","11.083","24","0","4","0","0","0","0","0.953",0.0,0.0,1.0,0.0,0.0,"4"
"2490","15","1","2","2","11.177","2","0","2","0","1","0","0","3.235",0.75,0.25,0.0,0.0,0.0,"2"
"2491","15","0","3","2","14.141","4","0","0","0","0","0","0","2.533",0.5,0.0,0.0,0.5,0.0,"2"
"2492","17","1","0","2","3.550","5","0","4","0","0","0","0","2.772",1.0,0.0,0.0,0.0,0.0,"2"
"2493","17","1","2","1","5.044","21","0","3","0","0","0","0","0.947",0.0,0.0,1.0,0.0,0.0,"4"
"2494","16","1","3","1","16.215","25","1","2","0","1","0","0","1.315",0.0,0.0,1.0,0.0,0.0,"4"
"2495","16","1","3","3","18.943","7","0","4","0","1","1","0","3.318",1.0,0.0,0.0,0.0,0.0,"2"
"2496","15","0","1","1","2.719","5","0","2","0","0","1","0","2.331",0.75,0.0,0.0,0.25,0.0,"2"
"2497","18","0","1","3","9.953","5","0","2","1","0","0","0","2.906",0.42857142857142855,0.42857142857142855,0.0,0.14285714285714285,0.0,"2"
"2498","18","1","0","2","4.284","3","0","3","0","1","1","0","3.345",0.16666666666666666,0.5,0.0,0.16666666666666666,0.16666666666666666,"1"
"2499","17","1","2","2","1.201","6","0","1","0","0","0","0","2.168",0.0,0.0,0.0,1.0,0.0,"3"
"2500","17","0","1","2","6.510","29","0","3","0","0","0","1","0.211",0.0,0.0,1.0,0.0,0.0,"4"
"2501","17","1","1","1","2.874","29","0","1","0","0","0","0","1.922",0.0,0.0,1.0,0.0,0.0,"4"
"2502","16","0","0","2","14.199","23","1","1","0","0","0","0","0.894",0.0,0.0,0.9814814814814815,0.018518518518518517,0.0,"4"
"2503","16","1","2","3","10.675","18","0","2","1","0","1","0","1.831",0.0,0.0,1.0,0.0,0.0,"4"
"2504","17","1","2","2","2.877","6","0","2","0","0","0","0","2.465",0.6666666666666666,0.2222222222222222,0.0,0.1111111111111111,0.0,"2"
"2505","17","0","0","4","0.185","2","0","1","1","0","0","0","2.651",0.75,0.0,0.0,0.25,0.0,"2"
"2506","17","0","2","2","16.163","7","1","4","0","0","0","0","3.162",1.0,0.0,0.0,0.0,0.0,"2"
"2507","18","0","1","1","3.524","0","0","2","1","0","0","0","2.906",0.0,1.0,0.0,0.0,0.0,"1"
"2508","16","0","2","1","12.124","0","1","1","1","0","1","0","3.733",0.08333333333333333,0.08333333333333333,0.0,0.0,0.8333333333333334,"0"
"2509","18","1","0","4","6.738","13","1","2","0","1","0","0","2.110",0.0,0.0,0.0,1.0,0.0,"3"
"2510","18","0","0","1","11.710","5","1","3","0","0","0","0","2.547",0.3333333333333333,0.3333333333333333,0.0,0.3333333333333333,0.0,"2"
"2511","17","1","3","3","6.313","9","0","2","0","0","0","1","2.116",0.9,0.0,0.0,0.1,0.0,"2"
"2512","17","0","0","3","1.739","24","0","1","1","0","0","0","0.484",0.0,0.0,1.0,0.0,0.0,"4"
"2513","15","0","2","1","4.459","27","0","1","0","0","0","0","1.922",0.0,0.0,1.0,0.0,0.0,"4"
"2514","15","1","0","0","3.761","13","0","2","0","0","0","0","1.811",0.0,0.0,0.3333333333333333,0.6666666666666666,0.0,"3"
"2515","18","0","1","2","8.560","3","0","2","0","0","0","1","2.674",0.25,0.75,0.0,0.0,0.0,"1"
"2516","16","0","0","1","13.166","5","1","3","0","0","1","0","3.103",0.0,1.0,0.0,0.0,0.0,"1"
"2517","17","0","1","2","5.276","15","1","4","1","0","0","0","2.433",0.3333333333333333,0.0,0.0,0.6666666666666666,0.0,"3"
"2518","17","0","0","2","0.241","27","0","1","1","1","1","0","0.592",0.0,0.0,1.0,0.0,0.0,"4"
"2519","18","1","0","2","10.379","20","0","3","0","1","1","1","1.420",0.0,0.0,0.9642857142857143,0.03571428571428571,0.0,"4"
"2520","15","1","0","2","12.115","27","1","4","0","1","1","0","1.365",0.0,0.0,1.0,0.0,0.0,"4"
"2521","16","0","0","1","19.257","0","0","4","0","0","0","0","3.525",0.25,0.5,0.0,0.0,0.25,"1"
"2522","15","0","3","2","11.789","5","0","4","1","0","1","562181766199736","1.922",1.0,0.0,0.0,0.0,0.0,"2"
"2523","15","0","3","1","9.423","8","0","3","1","1","0","0","2.571",0.5,0.0,0.0,0.5,0.0,"2"
"2524","15","1","0","1","11.468","14","1","2","0","0","0","1","2.135",0.0,0.0,0.8571428571428571,0.14285714285714285,0.0,"4"
"2525","15","1","2","2","18.558","11","0","2","0","1","0","1","2.302",0.0,0.0,0.0,1.0,0.0,"3"
"2526","17","1","0","3","16.568","2","1","2","1","0","0","0","3.354",0.0,0.0,0.0,0.0,1.0,"0"
"2527","17","1","1","1","6.460","10","0","3","0","0","1","0","2.253",0.25,0.0,0.5,0.25,0.0,"4"
"2528","15","0","2","2","4.745","14","0","2","0","0","0","59778342061027","1.922",0.0,0.0,0.8571428571428571,0.14285714285714285,0.0,"4"
"2529","16","0","3","2","5.253","2","0","1","0","0","0","0","2.705",0.75,0.25,0.0,0.0,0.0,"2"
"2530","18","0","0","1","10.088","13","0","1","0","0","0","0","1.821",0.0,0.0,0.875,0.125,0.0,"4"
"2531","16","1","2","1","14.881","1","0","3","0","0","1","0","3.261",0.0,0.8888888888888888,0.0,0.0,0.1111111111111111,"1"
"2532","16","0","0","3","10.064","28","0","3","1","0","0","0","0.742",0.0,0.0,1.0,0.0,0.0,"4"
"2533","16","1","3","2","1.356","3","1","2","0","0","1","1","2.944",0.0,0.8888888888888888,0.0,0.0,0.1111111111111111,"1"
"2534","15","1","0","2","14.472","25","0","1","0","0","0","0","0.447",0.0,0.0,1.0,0.0,0.0,"4"
"2535","17","0","1","2","16.119","18","1","3","0","0","0","0","1.844",0.0,0.0,0.9166666666666666,0.08333333333333333,0.0,"4"
"2536","16","0","1","0","5.790","11","1","0","1","0","0","0","1.899",0.0,0.0,0.5,0.5,0.0,"4"
"2537","15","0","1","2","13.283","1","1","2","0","0","0","0","3.379",0.6666666666666666,0.3333333333333333,0.0,0.0,0.0,"2"
"2538","16","1","0","2","8.532","16","1","2","0","0","0","1","1.667",0.0,0.0,1.0,0.0,0.0,"4"
"2539","16","1","3","2","17.782","2","0","4","0","0","0","0","3.309",0.75,0.25,0.0,0.0,0.0,"2"
"2540","15","0","0","1","16.905","9","0","2","1","1","0","0","2.762",0.25,0.0,0.0,0.75,0.0,"3"
"2541","17","0","1","0","10.509","15","1","2","0","0","0","1425379785048077","1.922",0.0,0.0,1.0,0.0,0.0,"4"
"2542","17","1","0","1","13.830","21","1","3","0","1","0","0","1.487",0.0,0.0,1.0,0.0,0.0,"4"
"2543","18","0","0","4","17.667","8","1","2","0","1","0","1","2.874",0.75,0.125,0.0,0.125,0.0,"2"
"2544","15","1","1","2","9.914","10","0","1","0","0","0","159494650624468","1.922",0.25,0.0,0.5,0.25,0.0,"4"
"2545","18","1","0","2","6.265","20","0","2","1","0","0","7029676373108","1.922",0.0,0.0,0.9642857142857143,0.03571428571428571,0.0,"4"
"2546","18","0","0","0","15.073","14","0","4","1","0","0","0","2.605",0.6,0.0,0.0,0.4,0.0,"2"
"2547","18","0","0","0","4.401","2","1","2","0","0","1","1","3.363",0.0,0.75,0.0,0.0,0.25,"1"
"2548","17","0","0","2","7.771","15","0","3","0","1","0","0","2.125",0.0,0.0,1.0,0.0,0.0,"4"
"2549","15","0","2","2","17.315","29","0","4","0","1","0","506689803906935","1.922",0.0,0.0,1.0,0.0,0.0,"4"
"2550","18","1","2","2","14.488","20","0","3","0","0","0","1","1.580",0.0,0.0,0.9642857142857143,0.03571428571428571,0.0,"4"
"2551","15","1","0","1","8.076","20","0","3","1","0","0","0","1.397",0.0,0.0,0.9642857142857143,0.03571428571428571,0.0,"4"
"2552","15","1","0","2","4.295","20","0","3","0","1","0","0","1.166",0.0,0.0,0.9642857142857143,0.03571428571428571,0.0,"4"
"2553","17","0","0","1","7.119","27","1","4","0","1","0","0","0.962",0.0,0.0,1.0,0.0,0.0,"4"
"2554","18","1","0","1","5.682","11","1","4","1","0","0","0","2.310",1.0,0.0,0.0,0.0,0.0,"2"
"2555","18","0","1","2","3.522","22","0","4","0","0","0","0","0.936",0.0,0.0,1.0,0.0,0.0,"4"
"2556","15","0","1","1","14.867","4","0","3","0","0","0","1","2.938",0.0,0.5,0.0,0.0,0.5,"1"
"2557","16","0","0","1","5.041","6","1","2","1","0","0","1","2.767",1.0,0.0,0.0,0.0,0.0,"2"
"2558","17","0","0","2","9.083","8","0","1","1","1","0","269833109614934","1.922",0.0,0.0,0.0,1.0,0.0,"3"
"2559","17","0","0","2","7.717","20","1","2","1","1","0","0","1.536",0.0,0.0,0.9642857142857143,0.03571428571428571,0.0,"4"
"2560","17","0","2","3","19.642","17","0","4","1","1","1","0","2.495",0.0,0.0,1.0,0.0,0.0,"4"
"2561","17","1","3","2","7.822","20","0","3","0","0","0","0","1.616",0.0,0.0,0.9642857142857143,0.03571428571428571,0.0,"4"
"2562","18","0","0","0","1.600","7","0","2","0","1","0","0","2.210",0.5,0.25,0.0,0.25,0.0,"2"
"2563","18","1","0","1","1.797","11","1","2","0","0","0","1","1.798",0.0,0.0,0.0,1.0,0.0,"3"
"2564","16","1","2","4","11.815","19","0","2","1","0","1","0","1.566",0.0,0.0,0.9821428571428571,0.017857142857142856,0.0,"4"
"2565","17","0","3","2","11.987","1","0","2","0","0","0","0","2.921",0.2727272727272727,0.7272727272727273,0.0,0.0,0.0,"1"
"2566","17","0","0","2","8.375","9","0","3","0","0","0","0","2.520",0.25,0.0,0.0,0.75,0.0,"3"
"2567","15","0","0","0","8.637","18","0","2","1","0","0","0","1.489",0.0,0.0,1.0,0.0,0.0,"4"
"2568","18","1","0","2786516568174243","8","0","1","0","0","0","0","1.664","1.922",0.0,0.5,0.0,0.0,0.5,"1"
"2569","17","0","1","0","10.331","24","0","2","0","0","0","0","0.774",0.0,0.0,1.0,0.0,0.0,"4"
"2570","16","1","0","2","10.095","23","0","1","0","1","0","0","0.892",0.0,0.0,0.9814814814814815,0.018518518518518517,0.0,"4"
"2571","16","0","0","3","2.991","7","0","4","0","0","0","0","2.215",1.0,0.0,0.0,0.0,0.0,"2"
"2572","18","0","1","4767877222185516","23","0","2","0","0","0","0","0.652","1.922",0.18181818181818182,0.6363636363636364,0.0,0.0,0.18181818181818182,"1"
"2573","16","1","0","2","2.471","23","0","4","0","0","0","0","0.974",0.0,0.0,0.9814814814814815,0.018518518518518517,0.0,"4"
"2574","16","1","2","2205649298251704","23","0","1","0","1","0","0","0.341","1.922",0.0,0.5,0.0,0.0,0.5,"1"
"2575","18","0","0","3","12.194","0","0","1","0","0","0","0","2.773",0.18181818181818182,0.6363636363636364,0.0,0.0,0.18181818181818182,"1"
"2576","17","1","0","2","3.930","5","0","3","0","0","0","0","2.498",0.0,1.0,0.0,0.0,0.0,"1"
"2577","17","1","1","0","5.029","11","0","3","0","1","0","1764437464311585","1.922",0.125,0.0,0.25,0.625,0.0,"3"
"2578","16","1","0","2","3.471","24","0","2","0","0","1","0","0.773",0.0,0.0,1.0,0.0,0.0,"4"
"2579","16","1","3","1","19.157","23","0","1","0","0","1","0","0.988",0.0,0.0,0.9814814814814815,0.018518518518518517,0.0,"4"
"2580","17","1","1","2","17.092","18","0","0","0","1","0","0","1.378",0.0,0.0,1.0,0.0,0.0,"4"
"2581","18","0","0","2","4.610","26","0","3","1","0","0","0","0.477",0.0,0.0,1.0,0.0,0.0,"4"
"2582","16","0","2","2","6.551","16","0","1","1","1","0","0","1.836",0.0,0.0,0.0,1.0,0.0,"3"
"2583","15","1","0","1","4.198","1","1","2","0","0","0","0","2.924",0.6666666666666666,0.3333333333333333,0.0,0.0,0.0,"2"
"2584","18","0","3","1","9.838","10","1","3","0","0","0","1","2.289",0.38461538461538464,0.07692307692307693,0.0,0.5384615384615384,0.0,"3"
"2585","16","0","0","2","0.392","17","0","0","0","0","0","0","0.822",0.0,0.0,1.0,0.0,0.0,"4"
"2586","16","1","1","3","13.427","22","0","1","1","1","0","0","1.468",0.0,0.0,1.0,0.0,0.0,"4"
"2587","15","0","0","2","10.463","27","1","0","1","0","0","0","0.654",0.0,0.0,1.0,0.0,0.0,"4"
"2588","15","1","0","1","17.973","21","1","4","0","0","1","0","1.826",0.0,0.0,1.0,0.0,0.0,"4"
"2589","17","1","2","3","3.288","10","0","2","1","0","1","0","2.168",0.25,0.0,0.5,0.25,0.0,"4"
"2590","18","0","2","3","16.082","17","0","4","1","0","0","0","1.813",0.0,0.0,1.0,0.0,0.0,"4"
"2591","18","1","0","1","15.839","7","0","1","0","1","0","101355275332473","1.922",0.5,0.0,0.0,0.5,0.0,"2"
"2592","17","1","0","0","2.544","14","0","3","0","1","0","0","2.137",0.0,0.0,0.0,1.0,0.0,"3"
"2593","18","1","2","2","7.971","8","0","1","0","0","1","0","2.297",1.0,0.0,0.0,0.0,0.0,"2"
"2594","18","1","3","3","3.403","14","0","2","0","0","0","0","1.500",0.0,0.0,0.8571428571428571,0.14285714285714285,0.0,"4"
"2595","18","1","0","4","5.094","6","1","3","0","0","0","0","2.528",1.0,0.0,0.0,0.0,0.0,"2"
"2596","18","0","0","3","5.265","19","0","3","1","0","0","0","1.379",0.0,0.0,0.9821428571428571,0.017857142857142856,0.0,"4"
"2597","18","0","0","2","11.125","12","0","3","0","1","0","0","2.462",0.14285714285714285,0.0,0.2857142857142857,0.5714285714285714,0.0,"3"
"2598","15","1","2","2","8.228","12","0","3","0","0","0","1","2.143",0.0,0.0,0.0,1.0,0.0,"3"
"2599","18","1","0","0","18.955","0","0","1","1","0","1","0","3.479",0.08333333333333333,0.08333333333333333,0.0,0.0,0.8333333333333334,"0"
"2600","15","0","0","1","2.527","19","0","2","0","0","0","0","1.136",0.0,0.0,0.9821428571428571,0.017857142857142856,0.0,"4"
"2601","18","1","2","2","19.474","3","0","2","0","0","0","0","3.316",0.5,0.0,0.0,0.5,0.0,"2"
"2602","17","0","0","2","4.613","23","0","3","0","0","1","0","0.945",0.0,0.0,0.9814814814814815,0.018518518518518517,0.0,"4"
"2603","16","1","0","2","15.457","3","0","1","0","1","1","0","3.360",0.16666666666666666,0.5,0.0,0.16666666666666666,0.16666666666666666,"1"
"2604","15","1","0","2","6.779","3","1","4","0","0","0","0","3.583",0.0,0.8888888888888888,0.0,0.0,0.1111111111111111,"1"
"2605","18","1","0","1","2.862","12","0","2","1","0","0","1","2.269",0.0,0.0,1.0,0.0,0.0,"4"
"2606","17","1","0","2","17.158","1","0","3","0","0","1","1","3.395",0.0,0.8888888888888888,0.0,0.0,0.1111111111111111,"1"
"2607","16","1","1","0","6.177","27","0","1","0","1","0","0","0.424",0.0,0.0,1.0,0.0,0.0,"4"
"2608","15","1","0","2","13.177","25","0","2","0","0","0","0","0.836",0.0,0.0,1.0,0.0,0.0,"4"
"2609","16","1","1","2","11.329","22","0","3","1","0","0","0","1.286",0.0,0.0,1.0,0.0,0.0,"4"
"2610","17","0","2","2","9.435","14","0","2","1","0","0","0","2.132",0.0,0.0,0.8571428571428571,0.14285714285714285,0.0,"4"
"2611","15","0","2","4","9.916","3","0","4","1","0","0","0","3.309",0.5,0.0,0.0,0.5,0.0,"2"
"2612","16","0","0","1","14.645","26","0","3","0","1","0","0","0.959",0.0,0.0,1.0,0.0,0.0,"4"
"2613","18","1","0","2","1.755","5","1","2","1","0","0","0","2.540",0.0,1.0,0.0,0.0,0.0,"1"
"2614","15","1","0","1","13.364","2","0","3","1","0","0","12897486759207","1.922",0.0,0.0,0.0,0.0,1.0,"0"
"2615","16","1","0","2","17.916","6","0","3","1","0","1","0","3.167",0.3333333333333333,0.6666666666666666,0.0,0.0,0.0,"1"
"2616","17","1","0","3","1.156","5","0","3","0","0","0","1","1.905",0.2857142857142857,0.5714285714285714,0.0,0.14285714285714285,0.0,"1"
"2617","17","1","1","2","2.813","2","1","1","0","0","0","33291953501386","1.922",0.0,0.5,0.0,0.0,0.5,"1"
"2618","15","1","0","3","14.333","3","0","2","0","1","1","0","3.458",0.16666666666666666,0.5,0.0,0.16666666666666666,0.16666666666666666,"1"
"2619","16","1","0","1","8.746","9","0","3","0","0","0","0","2.450",0.7142857142857143,0.0,0.0,0.2857142857142857,0.0,"2"
"2620","15","0","0","3","8.071","29","1","3","1","1","0","0","1.165",0.0,0.0,1.0,0.0,0.0,"4"
"2621","15","1","1","0","2.739","20","0","2","0","0","0","0","0.827",0.0,0.0,0.9642857142857143,0.03571428571428571,0.0,"4"
"2622","16","0","0","3","10.135","8","0","1","0","1","0","0","2.398",0.0,0.0,0.0,1.0,0.0,"3"
"2623","16","0","1","1","2.531","29","0","2","0","0","0","0","1.922",0.0,0.0,1.0,0.0,0.0,"4"
"2624","18","1","0","1","9.532","5","1","0","0","0","0","0","2.758",0.5,0.5,0.0,0.0,0.0,"2"
"2625","16","1","2","2","15.272","28","1","3","0","0","0","0","0.348",0.0,0.0,1.0,0.0,0.0,"4"
"2626","17","0","2","3","5.165","19","1","3","0","0","0","0","1.677",0.0,0.0,0.9821428571428571,0.017857142857142856,0.0,"4"
"2627","15","0","0","0","9.616","26","1","2","1","0","0","0","0.574",0.0,0.0,1.0,0.0,0.0,"4"
"2628","15","1","0","1","19.840","10","1","3","0","1","1","1","3.104",0.38461538461538464,0.07692307692307693,0.0,0.5384615384615384,0.0,"3"
"2629","17","1","0","3","13.733","6","0","2","1","1","0","0","2.802",0.0,0.0,0.0,0.0,1.0,"0"
"2630","16","0","0","1","16.827","17","1","3","0","0","1","0","2.128",0.0,0.0,0.8571428571428571,0.14285714285714285,0.0,"4"
"2631","17","1","1","1","8.297","3","0","1","1","0","0","0","2.688",0.25,0.75,0.0,0.0,0.0,"1"
"2632","17","1","2","2","15.357","4","0","2","0","0","0","0","2.784",0.5,0.5,0.0,0.0,0.0,"2"
"2633","18","1","1","1","0.810","3","0","3","0","1","1","0","3.134",0.16666666666666666,0.5,0.0,0.16666666666666666,0.16666666666666666,"1"
"2634","17","0","2","3","2.458","3","0","1","0","0","1","0","2.619",0.16666666666666666,0.5,0.0,0.16666666666666666,0.16666666666666666,"1"
"2635","15","0","0","261411858401243","26","1","2","0","0","0","0","0.772","1.922",1.0,0.0,0.0,0.0,0.0,"2"
"2636","17","0","0","2","8.039","12","0","2","0","1","1","0","2.275",0.0,0.0,0.0,1.0,0.0,"3"
"2637","15","1","2","4","16.915","15","0","1","1","0","0","0","1.540",0.0,0.0,0.2857142857142857,0.7142857142857143,0.0,"3"
"2638","15","1","0","2","6.925","24","0","1","0","1","0","1","1.128",0.0,0.0,1.0,0.0,0.0,"4"
"2639","15","0","1","0","13.092","13","1","1","0","0","0","0","1.596",0.0,0.0,0.5,0.5,0.0,"4"
"2640","16","0","0","1","14.186","10","0","4","1","1","1","0","3.138",0.0,0.0,0.0,1.0,0.0,"3"
"2641","18","0","0","2","11.724","28","0","3","0","0","1","1","0.799",0.0,0.0,1.0,0.0,0.0,"4"
"2642","15","1","3","1","7.145","1","0","2","0","0","0","0","2.973",0.2727272727272727,0.7272727272727273,0.0,0.0,0.0,"1"
"2643","15","0","0","3","11.541","21","0","3","1","1","0","1","1.556",0.0,0.0,1.0,0.0,0.0,"4"
"2644","16","0","3","2","6.845","13","0","0","0","0","1","0","1.853",0.0,0.0,0.8,0.2,0.0,"4"
"2645","15","1","3","1","1.677","23","0","2","1","0","0","0","0.975",0.0,0.0,0.9814814814814815,0.018518518518518517,0.0,"4"
"2646","17","1","2","2","19.856","23","1","1","1","0","0","0","1.391",0.0,0.0,0.9814814814814815,0.018518518518518517,0.0,"4"
"2647","17","1","1","2","2.544","26","0","1","1","0","0","0","0.236",0.0,0.0,1.0,0.0,0.0,"4"
"2648","18","0","1","3","1.447","6","0","3","1","1","0","0","2.630",0.0,0.0,0.0,0.0,1.0,"0"
"2649","15","1","2","3","17.571","25","0","1","0","0","0","1","0.530",0.0,0.0,1.0,0.0,0.0,"4"
"2650","16","1","0","2","6.037","10","0","3","0","1","0","1","2.319",1.0,0.0,0.0,0.0,0.0,"2"
"2651","17","0","0","2","13.006","3","0","2","1","0","0","0","2.759",0.8181818181818182,0.18181818181818182,0.0,0.0,0.0,"2"
"2652","16","1","1","2","6.580","6","0","0","0","0","0","9606565162715","1.922",0.6097560975609756,0.21951219512195122,0.0,0.17073170731707318,0.0,"2"
"2653","16","0","0","2","7.829","28","0","3","0","1","0","0","0.746",0.0,0.0,1.0,0.0,0.0,"4"
"2654","17","0","0","1","5.242","15","1","2","1","0","0","0","1.795",0.3333333333333333,0.0,0.0,0.6666666666666666,0.0,"3"
"2655","16","1","0","1","6.861","25","0","2","0","1","0","0","0.701",0.0,0.0,1.0,0.0,0.0,"4"
"2656","17","1","1","2","8.214","5","0","1","0","0","0","0","2.458",0.5,0.25,0.0,0.25,0.0,"2"
"2657","16","1","2","1","14.408","26","0","0","0","0","0","0","0.429",0.0,0.0,1.0,0.0,0.0,"4"
"2658","17","1","0","0","10.231","5","0","4","0","0","1","168978681026624","1.922",1.0,0.0,0.0,0.0,0.0,"2"
"2659","15","1","3","2","18.871","1","0","2","0","0","0","0","3.618",0.2727272727272727,0.7272727272727273,0.0,0.0,0.0,"1"
"2660","18","1","1","0","0.838","23","0","0","1","0","0","0","0.426",0.0,0.0,0.9814814814814815,0.018518518518518517,0.0,"4"
"2661","17","0","2","2","10.061","7","1","3","1","0","0","0","2.736",0.8,0.0,0.0,0.2,0.0,"2"
"2662","17","0","1","2","11.684","29","0","1","1","0","0","1","0.223",0.0,0.0,1.0,0.0,0.0,"4"
"2663","18","1","2","4","18.404","26","0","1","0","0","1","117467565808473","1.922",0.0,0.0,1.0,0.0,0.0,"4"
"2664","17","0","0","2","0.983","6","1","1","0","0","0","0","2.573",0.0,0.5,0.0,0.5,0.0,"1"
"2665","17","1","2","0","11.470","26","0","2","0","0","0","1","0.200",0.0,0.0,1.0,0.0,0.0,"4"
"2666","16","0","0","2","17.073","24","1","0","0","0","0","0","0.803",0.0,0.0,1.0,0.0,0.0,"4"
"2667","18","0","2","3","4.839","23","0","2","0","0","0","1","0.540",0.0,0.0,0.9814814814814815,0.018518518518518517,0.0,"4"
"2668","15","0","3","4","17.526","13","0","3","0","0","1","0","2.482",0.0,0.0,0.8,0.2,0.0,"4"
"2669","17","1","0","2","0.381","8","0","1","0","0","0","1","1.634",0.0,0.0,0.0,1.0,0.0,"3"
"2670","18","0","0","1","14.649","14","1","2","0","0","0","0","2.401",0.0,0.0,0.8571428571428571,0.14285714285714285,0.0,"4"
"2671","16","1","2","3","18.662","24","1","2","1","0","1","0","1.266",0.0,0.0,1.0,0.0,0.0,"4"
"2672","15","0","0","1","13.144","21","0","2","0","1","0","0","1.266",0.0,0.0,1.0,0.0,0.0,"4"
"2673","18","0","2","2","8.781","17","0","4","1","0","0","0","1.622",0.0,0.0,1.0,0.0,0.0,"4"
"2674","15","0","0","2","0.898","11","0","2","0","0","0","0","1.858",0.0,0.0,0.3333333333333333,0.6666666666666666,0.0,"3"
"2675","15","0","0","0","18.402","22","0","0","0","1","0","0","0.640",0.0,0.0,1.0,0.0,0.0,"4"
"2676","15","0","3","1","9.406","18","0","2","0","0","1","0","1.398",0.0,0.0,1.0,0.0,0.0,"4"
"2677","17","1","1","1","0.580","12","0","1","0","0","0","0","1.429",0.0,0.0,1.0,0.0,0.0,"4"
"2678","17","1","2","2","13.796","6","0","3","0","1","1","0","2.935",0.6666666666666666,0.3333333333333333,0.0,0.0,0.0,"2"
"2679","16","0","0","3","9.637","24","0","0","0","0","0","0","0.633",0.0,0.0,1.0,0.0,0.0,"4"
"2680","16","0","1","1","2.487","9","0","1","1","1","0","1","2.565",0.25,0.0,0.0,0.75,0.0,"3"
"2681","18","0","1","3","4.285","29","1","2","0","1","0","0","0.398",0.0,0.0,1.0,0.0,0.0,"4"
"2682","16","0","1","0","1.290","9","1","1","0","0","0","645643026074056","1.922",0.6,0.2,0.0,0.2,0.0,"2"
"2683","15","1","1","2","11.486","1","0","2","0","1","0","0","3.121",0.2727272727272727,0.7272727272727273,0.0,0.0,0.0,"1"
"2684","15","0","1","0","12.441","13","1","1","0","1","0","0","1.921",0.5,0.0,0.0,0.5,0.0,"2"
"2685","17","1","0","3","10.115","12","0","4","1","0","1","0","2.330",0.5,0.125,0.0,0.375,0.0,"2"
"2686","15","0","0","2","16.342","21","1","1","0","1","0","0","1.272",0.0,0.0,1.0,0.0,0.0,"4"
"2687","18","1","2","2","17.220","28","0","4","0","0","0","664246227596101","1.922",0.0,0.0,1.0,0.0,0.0,"4"
"2688","15","0","0","3","12.312","5","0","2","0","0","1","0","2.905",0.42857142857142855,0.42857142857142855,0.0,0.14285714285714285,0.0,"2"
"2689","15","0","1","2","0.255","8","1","3","1","0","1","1","2.567",0.5,0.0,0.0,0.5,0.0,"2"
"2690","18","1","0","4","13.905","12","0","1","0","0","0","1","1.694",0.0,0.0,1.0,0.0,0.0,"4"
"2691","16","0","1","2","8.360","8","1","3","1","0","1","0","2.801",0.0,0.0,0.0,1.0,0.0,"3"
"2692","16","0","2","3","11.311","12","1","2","0","0","0","1","1.814",0.0,0.0,0.0,1.0,0.0,"3"
"2693","18","0","0","2","12.982","4","1","2","1","0","0","0","3.343",0.0,0.8461538461538461,0.0,0.0,0.15384615384615385,"1"
"2694","17","1","0","1","7.005","13","0","3","1","0","1","0","2.185",0.0,0.0,0.6,0.4,0.0,"4"
"2695","15","0","0","2","18.342","4","0","2","1","0","0","0","3.492",0.75,0.25,0.0,0.0,0.0,"2"
"2696","18","0","1","1","2.679","8","0","2","0","0","1","0","1.814",0.25,0.0,0.0,0.75,0.0,"3"
"2697","15","1","2","2","13.430","7","1","0","0","0","1","1","2.773",1.0,0.0,0.0,0.0,0.0,"2"
"2698","17","1","0","28719159913160856","6","0","1","0","1","0","0","2.440","1.922",0.0,0.5,0.0,0.0,0.5,"1"
"2699","15","1","2","2","18.493","7","0","2","0","0","0","0","2.868",0.9,0.1,0.0,0.0,0.0,"2"
"2700","18","0","0","0","2.250","21","0","0","0","0","0","0","0.517",0.0,0.0,1.0,0.0,0.0,"4"
"2701","15","0","0","1","1.898","2","0","1","1","0","0","0","2.891",0.75,0.0,0.0,0.25,0.0,"2"
"2702","16","0","3","2","6.660","22","0","1","0","0","0","0","0.711",0.0,0.0,1.0,0.0,0.0,"4"
"2703","17","1","0","4","7.471","23","0","1","0","0","0","0","0.424",0.0,0.0,0.9814814814814815,0.018518518518518517,0.0,"4"
"2704","17","0","0","1","4.286","14","1","2","1","1","1","0","2.248",0.0,0.0,0.0,1.0,0.0,"3"
"2705","17","0","0","2","11.702","7","0","2","0","1","1","0","2.715",0.5,0.25,0.0,0.25,0.0,"2"
"2706","18","1","0","2","8.858","0","1","4","1","0","0","0","1.922",0.0,0.0,0.0,0.0,1.0,"0"
"2707","17","1","0","2","0.684","6","0","2","1","0","0","0","2.676",0.6666666666666666,0.2222222222222222,0.0,0.1111111111111111,0.0,"2"
"2708","16","1","0","1","6.393","18","0","4","1","0","0","0","1.855",0.0,0.0,0.5714285714285714,0.42857142857142855,0.0,"4"
"2709","18","1","1","2","16.209","1","0","3","1","0","0","0","3.549",0.0,0.8888888888888888,0.0,0.0,0.1111111111111111,"1"
"2710","16","1","0","1","13.794","13","0","4","0","0","1","1","1.952",0.0,0.0,0.875,0.125,0.0,"4"
"2711","15","0","1","4","14.497","17","0","3","0","0","0","0","1.850",0.0,0.0,1.0,0.0,0.0,"4"
"2712","15","1","0","1","13.962","29","1","3","0","0","0","0","0.875",0.0,0.0,1.0,0.0,0.0,"4"
"2713","15","0","0","1","6.219","14","0","2","0","0","1","0","1.794",0.0,0.0,0.8571428571428571,0.14285714285714285,0.0,"4"
"2714","15","0","1","0","1.993","13","0","1","0","1","1","0","1.856",0.0,0.0,0.3333333333333333,0.6666666666666666,0.0,"3"
"2715","16","1","3","1","5.449","23","0","1","1","0","0","0","0.551",0.0,0.0,0.9814814814814815,0.018518518518518517,0.0,"4"
"2716","18","1","0","2","16.636","24","1","4","0","1","0","0","1.580",0.0,0.0,1.0,0.0,0.0,"4"
"2717","18","1","2","1","19.609","18","0","4","0","0","1","1","1.874",0.0,0.0,0.0,1.0,0.0,"3"
"2718","17","0","1","0","9.877","29","0","3","1","0","0","1","0.515",0.0,0.0,1.0,0.0,0.0,"4"
"2719","16","1","1","2","0.194","18","0","3","0","0","0","0","1.331",0.0,0.0,0.9166666666666666,0.08333333333333333,0.0,"4"
"2720","15","1","1","0","2.801","21","1","4","0","1","0","1","1.622",0.0,0.0,1.0,0.0,0.0,"4"
"2721","16","1","0","0","6.442","26","0","2","0","1","0","1","0.384",0.0,0.0,1.0,0.0,0.0,"4"
"2722","17","1","0","3","11.572","25","0","3","1","0","0","0","1.364",0.0,0.0,1.0,0.0,0.0,"4"
"2723","17","1","1","2","1.502","16","0","2","1","0","0","0","1.480",0.0,0.0,0.7142857142857143,0.2857142857142857,0.0,"4"
"2724","16","0","0","3","18.867","21","1","2","1","0","0","0","1.581",0.0,0.0,1.0,0.0,0.0,"4"
"2725","16","0","3","3","7.302","27","0","0","0","0","0","0","1.922",0.0,0.0,1.0,0.0,0.0,"4"
"2726","16","0","0","2","18.252","18","1","2","1","0","0","0","1.887",0.0,0.0,1.0,0.0,0.0,"4"
"2727","18","1","0","0","15.610","26","0","3","0","0","0","0","0.864",0.0,0.0,1.0,0.0,0.0,"4"
"2728","15","1","2","2","15.109","15","0","2","0","0","0","0","1.489",0.06666666666666667,0.0,0.9333333333333333,0.0,0.0,"4"
"2729","16","1","0","3","12.134","19","0","3","0","0","0","1","1.473",0.0,0.0,0.9821428571428571,0.017857142857142856,0.0,"4"
"2730","16","0","1","2","12.536","24","1","2","0","0","1","0","1.344",0.0,0.0,1.0,0.0,0.0,"4"
"2731","16","1","1","2","12.760","18","0","1","0","0","0","0","1.365",0.0,0.0,0.9333333333333333,0.06666666666666667,0.0,"4"
"2732","17","1","3","1","12.574","0","1","3","1","0","0","0","3.830",0.0,0.0,0.0,0.0,1.0,"0"
"2733","17","1","2","3","11.075","18","0","3","0","0","0","0","1.597",0.0,0.0,0.9166666666666666,0.08333333333333333,0.0,"4"
"2734","18","0","1","2","19.728","6","1","1","0","1","1","0","3.320",0.6666666666666666,0.3333333333333333,0.0,0.0,0.0,"2"
"2735","15","1","1","4","14.646","28","0","2","0","0","0","0","0.649",0.0,0.0,1.0,0.0,0.0,"4"
"2736","18","0","3","1","15.539","22","0","2","0","0","0","182646498699195","1.922",0.0,0.0,1.0,0.0,0.0,"4"
"2737","15","1","0","1","17.449","10","0","4","0","0","0","1","2.441",0.25,0.0,0.5,0.25,0.0,"4"
"2738","17","0","0","1","4.313","4","0","3","1","1","0","0","3.153",0.0,0.6666666666666666,0.0,0.0,0.3333333333333333,"1"
"2739","17","0","0","2","1.676","29","0","1","1","0","0","0","0.217",0.0,0.0,1.0,0.0,0.0,"4"
"2740","17","0","0","1","9.658","16","0","2","1","1","0","0","1.812",0.0,0.0,0.0,1.0,0.0,"3"
"2741","18","1","1","0","10.282","10","0","3","1","0","0","0","2.778",0.25,0.0,0.5,0.25,0.0,"4"
"2742","16","1","1","4","16.584","23","0","3","0","0","0","1","1.224",0.0,0.0,0.9814814814814815,0.018518518518518517,0.0,"4"
"2743","16","0","1","0","8.876","25","0","3","1","0","0","0","1.102",0.0,0.0,1.0,0.0,0.0,"4"
"2744","17","0","0","3","11.417","7","0","1","0","0","0","60172050067505","1.922",1.0,0.0,0.0,0.0,0.0,"2"
"2745","16","1","2","1","10.541","9","0","3","0","0","0","0","2.524",0.7142857142857143,0.0,0.0,0.2857142857142857,0.0,"2"
"2746","16","1","0","3","0.764","11","0","3","0","0","0","0","1.967",0.0,0.0,0.2,0.8,0.0,"3"
"2747","18","0","1","2","12.304","9","0","3","0","0","0","0","2.842",0.25,0.0,0.0,0.75,0.0,"3"
"2748","15","1","1","3","16.561","12","0","2","0","0","0","0","2.200",0.0,0.0,0.5,0.5,0.0,"4"
"2749","17","1","0","3","3.150","25","1","3","0","0","0","0","0.925",0.0,0.0,1.0,0.0,0.0,"4"
"2750","17","1","0","0","11.887","17","1","3","0","0","1","0","1.843",0.0,0.0,0.0,1.0,0.0,"3"
"2751","18","1","0","0","11.872","9","0","3","1","0","0","0","2.670",0.7142857142857143,0.0,0.0,0.2857142857142857,0.0,"2"
"2752","18","0","2","1","3.284","18","0","2","0","0","0","0","1.328",0.0,0.0,1.0,0.0,0.0,"4"
"2753","16","1","3","2","2.469","19","0","1","0","0","0","1","0.755",0.0,0.0,0.9821428571428571,0.017857142857142856,0.0,"4"
"2754","17","1","1","3","19.601","16","0","2","1","0","0","1","1.846",0.0,0.0,1.0,0.0,0.0,"4"
"2755","15","0","0","2","7.874","19","0","2","0","0","0","0","1.538",0.0,0.0,0.9821428571428571,0.017857142857142856,0.0,"4"
"2756","18","0","0","2","4.548","15","0","2","1","0","0","0","1.581",0.0,0.0,1.0,0.0,0.0,"4"
"2757","15","1","2","1","3.426","4","0","2","1","0","0","0","2.884",0.75,0.25,0.0,0.0,0.0,"2"
"2758","15","1","2","3","13.352","2","0","2","0","0","1","549908109809842","1.922",0.75,0.25,0.0,0.0,0.0,"2"
"2759","17","1","0","4","12.189","29","0","3","0","0","0","0","0.328",0.0,0.0,1.0,0.0,0.0,"4"
"2760","17","1","0","1","12.871","26","0","1","0","1","0","0","0.612",0.0,0.0,1.0,0.0,0.0,"4"
"2761","18","0","2","2","1.760","14","0","2","0","0","0","0","1.567",0.0,0.0,0.8571428571428571,0.14285714285714285,0.0,"4"
"2762","17","0","0","0","17.871","25","0","3","0","0","0","0","1.220",0.0,0.0,1.0,0.0,0.0,"4"
"2763","17","0","0","2","7.785","1","0","2","0","1","0","1213988805197203","1.922",0.30434782608695654,0.6086956521739131,0.0,0.0,0.08695652173913043,"1"
"2764","17","1","0","2","6.267","12","1","2","0","0","0","1","2.262",0.0,0.0,0.0,1.0,0.0,"3"
"2765","15","1","1","1","9.247","21","1","2","0","1","0","0","1.455",0.0,0.0,1.0,0.0,0.0,"4"
"2766","18","1","2","2","7.801","7","0","2","0","0","1","0","2.449",0.9,0.1,0.0,0.0,0.0,"2"
"2767","16","1","3","1","17.272","22","0","1","1","0","0","0","1.280",0.0,0.0,1.0,0.0,0.0,"4"
"2768","15","0","1","2","18.585","26","0","2","0","0","0","433801278881183","1.922",0.0,0.0,1.0,0.0,0.0,"4"
"2769","17","0","1","2","6.069","29","0","4","1","1","1","1351815304099121","1.922",0.0,0.0,1.0,0.0,0.0,"4"
"2770","15","1","0","0","17.279","16","0","2","0","0","0","1","1.573",0.0,0.0,1.0,0.0,0.0,"4"
"2771","17","0","1","2","15.630","3","0","0","1","0","0","0","2.898",0.25,0.75,0.0,0.0,0.0,"1"
"2772","17","1","0","2","18.616","18","0","3","0","0","0","0","1.821",0.0,0.0,0.9166666666666666,0.08333333333333333,0.0,"4"
"2773","15","1","1","1","4.915","21","0","2","0","0","0","0","0.729",0.0,0.0,1.0,0.0,0.0,"4"
"2774","18","0","0","0","11.539","24","1","1","0","0","0","0","0.902",0.0,0.0,1.0,0.0,0.0,"4"
"2775","17","1","0","2","5.491","8","1","3","0","0","0","1","2.421",0.5,0.0,0.0,0.5,0.0,"2"
"2776","18","1","0","4","16.482","22","0","1","0","0","1","0","1.221",0.0,0.0,1.0,0.0,0.0,"4"
"2777","16","0","0","1","0.106","14","0","4","0","0","0","0","1.996",0.6,0.0,0.0,0.4,0.0,"2"
"2778","17","1","0","1","11.296","27","0","2","0","1","0","0","0.623",0.0,0.0,1.0,0.0,0.0,"4"
"2779","18","1","0","1","6.784","8","1","3","0","0","1","0","2.903",0.8,0.2,0.0,0.0,0.0,"2"
"2780","18","0","3","2","6.454","23","1","2","0","1","0","0","1.349",0.0,0.0,0.9814814814814815,0.018518518518518517,0.0,"4"
"2781","16","1","0","1","12.898","20","1","1","0","0","1","0","1.351",0.0,0.0,0.9642857142857143,0.03571428571428571,0.0,"4"
"2782","18","0","1","1","17.030","8","0","3","0","0","0","0","2.746",0.8,0.2,0.0,0.0,0.0,"2"
"2783","18","1","2","2","12.184","13","1","4","1","0","1","0","2.993",0.0,0.0,0.0,1.0,0.0,"3"
"2784","16","0","3","2","17.063","22","0","3","0","0","0","0","1.589",0.0,0.0,1.0,0.0,0.0,"4"
"2785","17","0","1","1","5.292","20","1","3","1","0","1","0","1.653",0.0,0.0,0.9642857142857143,0.03571428571428571,0.0,"4"
"2786","18","0","2","2","10.390","15","1","4","0","1","0","1","2.136",0.0,0.0,1.0,0.0,0.0,"4"
"2787","18","1","0","2","9.011","23","0","1","0","0","0","0","0.737",0.0,0.0,0.9814814814814815,0.018518518518518517,0.0,"4"
"2788","18","0","0","0","0.233","22","0","0","0","0","0","0","0.353",0.0,0.0,1.0,0.0,0.0,"4"
"2789","15","0","0","0","11.136","24","1","0","0","0","0","0","0.690",0.0,0.0,1.0,0.0,0.0,"4"
"2790","16","0","1","3","13.230","25","0","3","1","0","0","0","0.943",0.0,0.0,1.0,0.0,0.0,"4"
"2791","15","0","1","0","11.838","16","0","3","0","0","0","0","1.882",0.0,0.0,1.0,0.0,0.0,"4"
"2792","16","0","0","2","14.726","12","0","3","1","1","0","0","2.474",0.5555555555555556,0.0,0.0,0.4444444444444444,0.0,"2"
"2793","17","1","0","3","11.427","8","0","4","0","0","0","1","2.508",0.0,0.5,0.0,0.5,0.0,"1"
"2794","17","1","1","1","1.335","14","0","3","0","0","0","0","1.564",0.0,0.0,0.0,1.0,0.0,"3"
"2795","18","1","0","1","2.329","6","0","2","0","0","0","0","2.456",0.6666666666666666,0.2222222222222222,0.0,0.1111111111111111,0.0,"2"
"2796","16","1","1","2","11.929","0","0","1","0","0","0","0","2.737",0.0,1.0,0.0,0.0,0.0,"1"
"2797","17","1","1","3","5.500","0","0","4","0","1","0","0","3.262",0.0,0.0,0.0,0.0,1.0,"0"
"2798","16","1","2","3","1.593","4","0","1","0","0","1","1","2.284",0.0,0.5,0.0,0.0,0.5,"1"
"2799","17","1","2","2","8.592","23","0","2","0","0","0","0","1.154",0.0,0.0,0.9814814814814815,0.018518518518518517,0.0,"4"
"2800","15","0","2","0","11.086","8","0","2","1","1","0","0","2.789",0.25,0.0,0.0,0.75,0.0,"3"
"2801","17","1","0","2","6.575","11","0","1","0","0","0","0","1.539",0.0,0.0,0.0,1.0,0.0,"3"
"2802","15","0","2","2","14.409","5","0","3","1","0","0","560700900603366","1.922",1.0,0.0,0.0,0.0,0.0,"2"
"2803","17","0","1","2","12.875","27","1","1","0","0","0","0","0.741",0.0,0.0,1.0,0.0,0.0,"4"
"2804","18","1","0","0","6.656","12","0","4","0","0","0","0","2.500",0.5,0.125,0.0,0.375,0.0,"2"
"2805","15","0","0","1","15.097","25","1","2","1","0","0","0","0.895",0.0,0.0,1.0,0.0,0.0,"4"
"2806","17","0","0","2","12.974","27","0","3","1","0","1","0","0.774",0.0,0.0,1.0,0.0,0.0,"4"
"2807","18","0","0","2","12.749","7","1","3","0","1","0","148025336099797","1.922",0.0,1.0,0.0,0.0,0.0,"1"
"2808","15","0","1","1","11.069","14","0","3","0","0","0","0","1.821",0.0,0.0,0.4,0.6,0.0,"3"
"2809","18","1","2","1","0.228","5","0","4","0","0","0","0","2.543",1.0,0.0,0.0,0.0,0.0,"2"
"2810","16","1","0","3","13.930","26","0","1","1","0","0","0","0.645",0.0,0.0,1.0,0.0,0.0,"4"
"2811","16","1","0","2","7.521","5","0","0","0","0","0","0","2.631",0.5,0.5,0.0,0.0,0.0,"2"
"2812","15","1","3","1","18.852","3","0","0","1","0","0","0","2.712",1.0,0.0,0.0,0.0,0.0,"2"
"2813","17","1","0","1","16.360","10","0","3","0","1","0","0","2.673",1.0,0.0,0.0,0.0,0.0,"2"
"2814","15","1","0","1","11.754","20","0","4","0","0","1","0","1.715",0.0,0.0,0.9642857142857143,0.03571428571428571,0.0,"4"
"2815","18","1","1","3","5.044","29","1","2","1","0","0","0","0.211",0.0,0.0,1.0,0.0,0.0,"4"
"2816","17","1","1","274347865553332","17","0","3","1","0","0","0","1.859","1.922",0.0,1.0,0.0,0.0,0.0,"1"
"2817","16","1","0","2","6.808","2","0","0","0","1","0","0","2.673",0.75,0.25,0.0,0.0,0.0,"2"
"2818","17","1","0","2","9.531","2","0","1","1","0","0","0","2.719",0.75,0.0,0.0,0.25,0.0,"2"
"2819","16","0","0","1","5.921","29","0","3","1","0","0","0","0.737",0.0,0.0,1.0,0.0,0.0,"4"
"2820","17","1","1","3","10.299","11","1","0","1","0","0","0","2.295",0.0,0.0,0.0,1.0,0.0,"3"
"2821","17","0","1","2","3.307","26","1","2","1","1","0","0","0.841",0.0,0.0,1.0,0.0,0.0,"4"
"2822","17","0","0","1","19.554","20","1","3","0","1","0","0","2.132",0.0,0.0,0.9642857142857143,0.03571428571428571,0.0,"4"
"2823","18","0","1","1","2.158","29","1","3","1","1","1","1","0.992",0.0,0.0,1.0,0.0,0.0,"4"
"2824","18","0","2","2","18.639","20","0","2","1","1","0","0","1.452",0.0,0.0,0.9642857142857143,0.03571428571428571,0.0,"4"
"2825","15","1","0","3","18.272","5","0","3","0","0","1","1","2.860",0.0,1.0,0.0,0.0,0.0,"1"
"2826","15","0","0","1","10.507","20","0","2","0","0","0","0","1.183",0.0,0.0,0.9642857142857143,0.03571428571428571,0.0,"4"
"2827","16","1","1","3","14.498","27","1","0","0","0","0","0","0.131",0.0,0.0,1.0,0.0,0.0,"4"
"2828","18","1","0","2","8.721","5","1","3","1","0","0","0","3.363",0.0,1.0,0.0,0.0,0.0,"1"
"2829","16","0","0","1","12.601","7","0","1","1","0","0","1","2.252",1.0,0.0,0.0,0.0,0.0,"2"
"2830","15","1","1","0","6.812","14","0","0","0","1","0","0","1.688",0.0,0.0,0.75,0.25,0.0,"4"
"2831","16","0","2","1","6.023","17","1","2","0","0","0","1","1.815",0.0,0.0,1.0,0.0,0.0,"4"
"2832","15","0","2","2","11.565","19","0","3","0","0","0","0","1.495",0.0,0.0,0.9821428571428571,0.017857142857142856,0.0,"4"
"2833","18","1","1","1","9.963","28","1","1","0","1","0","0","1.922",0.0,0.0,1.0,0.0,0.0,"4"
"2834","17","1","2","1","11.591","15","0","0","0","0","0","1","1.572",0.06666666666666667,0.0,0.9333333333333333,0.0,0.0,"4"
"2835","18","0","0","2","5.733","5","0","1","0","0","0","1","2.235",0.0,0.0,0.0,1.0,0.0,"3"
"2836","16","1","1","2","7.339","27","0","2","1","0","0","0","0.509",0.0,0.0,1.0,0.0,0.0,"4"
"2837","16","1","0","1","1.678","20","0","2","0","0","0","0","0.702",0.0,0.0,0.9642857142857143,0.03571428571428571,0.0,"4"
"2838","18","1","0","2455274454441144","16","0","1","1","1","0","0","1.818","1.922",0.0,1.0,0.0,0.0,0.0,"1"
"2839","18","0","2","2","5.069","8","0","3","0","0","0","0","2.338",0.8,0.2,0.0,0.0,0.0,"2"
"2840","15","0","1","2","1.485","18","1","3","1","1","0","0","1.763",0.0,0.0,0.9166666666666666,0.08333333333333333,0.0,"4"
"2841","16","1","0","375494172694814","17","0","3","0","0","0","0","1.580","1.922",0.0,0.5,0.0,0.0,0.5,"1"
"2842","16","1","3","1","16.259","24","1","2","1","0","0","0","1.514",0.0,0.0,1.0,0.0,0.0,"4"
"2843","18","1","0","3","0.777","22","0","2","0","0","1","0","0.547",0.0,0.0,1.0,0.0,0.0,"4"
"2844","17","1","0","2","13.179","4","1","2","0","0","0","0","3.112",0.0,0.8461538461538461,0.0,0.0,0.15384615384615385,"1"
"2845","16","1","0","2","5.451","27","0","2","0","0","0","0","0.308",0.0,0.0,1.0,0.0,0.0,"4"
"2846","17","0","2","2","17.431","5","0","0","0","0","0","0","2.229",0.3333333333333333,0.0,0.0,0.6666666666666666,0.0,"3"
"2847","18","1","2","2","9.700","11","0","3","1","0","0","1","2.506",0.0,0.0,0.0,1.0,0.0,"3"
"2848","18","0","0","1","6.112","10","0","2","0","0","0","0","1.978",0.5,0.0,0.0,0.5,0.0,"2"
"2849","15","1","1","2","10.353","15","1","1","1","0","0","0","2.341",0.3333333333333333,0.0,0.0,0.6666666666666666,0.0,"3"
"2850","16","0","0","2","7.639","19","0","1","0","0","0","1","1.261",0.0,0.0,0.9821428571428571,0.017857142857142856,0.0,"4"
"2851","17","1","2","2","11.286","16","0","1","1","0","1","0","1.783",0.0,0.0,0.7142857142857143,0.2857142857142857,0.0,"4"
"2852","15","0","0","1","2.291","19","1","4","0","0","0","0","1.501",0.0,0.0,0.9821428571428571,0.017857142857142856,0.0,"4"
"2853","16","1","0","3","19.940","8","0","1","0","1","0","1","2.239",0.0,0.0,0.0,1.0,0.0,"3"
"2854","15","0","3","2","8.511","0","1","3","0","1","0","0","3.824",0.0,1.0,0.0,0.0,0.0,"1"
"2855","18","0","0","0","6.965","25","0","2","1","1","0","1","0.895",0.0,0.0,1.0,0.0,0.0,"4"
"2856","16","0","0","2","14.204","2","1","3","0","1","0","0","3.533",0.0,1.0,0.0,0.0,0.0,"1"
"2857","15","0","1","2","7.278","20","0","2","0","0","0","22641733675116","1.922",0.0,0.0,0.9642857142857143,0.03571428571428571,0.0,"4"
"2858","15","0","3","2","16.665","22","1","4","0","0","0","0","1.961",0.0,0.0,1.0,0.0,0.0,"4"
"2859","17","0","0","2","9.085","8","0","1","0","1","1","0","2.745",1.0,0.0,0.0,0.0,0.0,"2"
"2860","15","1","0","3","14.391","21","0","2","0","0","1","1","1.554",0.0,0.0,1.0,0.0,0.0,"4"
"2861","16","0","0","1","2.149","18","0","1","0","0","0","0","0.707",0.0,0.0,0.9333333333333333,0.06666666666666667,0.0,"4"
"2862","16","1","1","2","16.922","12","0","2","1","1","0","0","2.824",0.0,0.0,1.0,0.0,0.0,"4"
"2863","17","1","0","3","14.714","22","0","2","1","0","1","0","1.293",0.0,0.0,1.0,0.0,0.0,"4"
"2864","16","1","1","3","4.234","13","0","3","1","0","0","0","2.126",0.0,0.0,0.6,0.4,0.0,"4"
"2865","18","1","3","2","2.906","19","0","2","0","0","0","0","1.113",0.0,0.0,0.9821428571428571,0.017857142857142856,0.0,"4"
"2866","16","1","0","3","6.326","18","1","0","0","0","1","0","1.262",0.0,0.0,1.0,0.0,0.0,"4"
"2867","16","0","0","0","19.521","29","0","3","1","1","0","784851348128086","1.922",0.0,0.0,1.0,0.0,0.0,"4"
"2868","15","0","0","3","5.137","22","1","2","0","0","0","1","0.675",0.0,0.0,1.0,0.0,0.0,"4"
"2869","15","0","0","1","9.123","26","0","1","0","1","1","0","0.685",0.0,0.0,1.0,0.0,0.0,"4"
"2870","16","1","2","1","0.600","26","0","4","1","1","1","209263651026421","1.922",0.0,0.0,1.0,0.0,0.0,"4"
"2871","17","0","0","1","7.945","6","1","4","0","0","0","0","3.428",0.5,0.5,0.0,0.0,0.0,"2"
"2872","15","0","0","2","11.426","3","1","3","0","0","0","0","3.249",0.0,0.8888888888888888,0.0,0.0,0.1111111111111111,"1"
"2873","17","0","1","1","19.062","11","0","3","0","0","0","0","2.279",0.0,0.0,0.0,1.0,0.0,"3"
"2874","16","0","0","1","10.335","22","0","0","0","1","0","0","0.833",0.0,0.0,1.0,0.0,0.0,"4"
"2875","16","0","1","1","16.382","26","0","4","0","0","0","0","0.857",0.0,0.0,1.0,0.0,0.0,"4"
"2876","18","1","0","1","10.943","13","0","2","0","1","0","0","1.744",0.0,0.0,0.875,0.125,0.0,"4"
"2877","15","0","2","2","0.816","1","0","1","0","0","1","1","2.807",0.6666666666666666,0.0,0.0,0.3333333333333333,0.0,"2"
"2878","16","1","3","2","6.300","0","0","3","1","0","1","0","3.491",0.08333333333333333,0.08333333333333333,0.0,0.0,0.8333333333333334,"0"
"2879","18","1","1","1","11.511","27","0","1","0","1","0","0","0.694",0.0,0.0,1.0,0.0,0.0,"4"
"2880","15","1","3","2","19.012","17","0","2","1","0","0","0","2.162",0.0,0.0,1.0,0.0,0.0,"4"
"2881","16","1","0","3","17.183","19","1","1","0","0","0","0","1.893",0.0,0.0,0.9821428571428571,0.017857142857142856,0.0,"4"
"2882","16","1","0","2","4.567","7","1","2","1","0","1","0","2.883",0.9,0.1,0.0,0.0,0.0,"2"
"2883","15","0","1","1","4.402","2","0","2","1","1","0","1","3.270",0.3333333333333333,0.6666666666666666,0.0,0.0,0.0,"1"
"2884","15","0","1","223459342278015","25","0","2","1","1","1","27015599936749","34233868823706.504","1.922",0.07142857142857142,0.47619047619047616,0.0,0.0,0.4523809523809524,"1"
"2885","15","0","0","1","18.450","5","0","0","1","1","0","1","2.490",1.0,0.0,0.0,0.0,0.0,"2"
"2886","16","1","0","1","17.053","21","1","2","0","0","0","0","1.709",0.0,0.0,1.0,0.0,0.0,"4"
"2887","16","0","0","1","15.498","12","0","2","0","0","1","0","2.324",0.0,0.0,0.0,1.0,0.0,"3"
"2888","18","0","0","3","7.855","8","0","1","0","0","0","0","2.197",0.0,0.0,0.0,1.0,0.0,"3"
"2889","17","1","0","1","10.088","8","0","4","0","0","0","1","2.500",0.0,0.5,0.0,0.5,0.0,"1"
"2890","15","1","2","0","9.287","19","0","2","0","0","0","500058515104695","1.922",0.0,0.0,0.9821428571428571,0.017857142857142856,0.0,"4"
"2891","16","1","0","1","5.068","8","0","3","0","0","1","1","2.438",0.0,0.0,0.0,1.0,0.0,"3"
"2892","16","1","0","3","10.101","14","1","1","0","0","0","0","1.915",0.0,0.0,0.3333333333333333,0.6666666666666666,0.0,"3"
"2893","15","0","1","2","0.610","12","0","2","1","1","0","0","1.628",0.0,0.0,1.0,0.0,0.0,"4"
"2894","17","1","1","1","2.636","21","0","1","1","1","0","695241523651193","1.922",0.0,0.0,1.0,0.0,0.0,"4"
"2895","15","1","2","2","17.732","15","0","2","0","1","0","0","2.370",0.06666666666666667,0.0,0.9333333333333333,0.0,0.0,"4"
"2896","17","0","1","2","15.034","1","0","1","0","0","0","0","2.975",0.6666666666666666,0.0,0.0,0.3333333333333333,0.0,"2"
"2897","16","0","0","2","8.457","25","0","2","1","0","0","0","0.358",0.0,0.0,1.0,0.0,0.0,"4"
"2898","17","1","2","1","10.343","13","0","2","0","0","1","1","1.923",0.0,0.0,0.875,0.125,0.0,"4"
"2899","18","0","1","3","7.400","26","0","1","0","0","0","0","0.331",0.0,0.0,1.0,0.0,0.0,"4"
"2900","16","1","0","1","14.816","5","1","3","0","0","0","1","3.220",0.3333333333333333,0.3333333333333333,0.0,0.3333333333333333,0.0,"2"
"2901","18","1","1","2","15.684","1","1","4","0","1","0","0","3.951",0.0,0.6666666666666666,0.0,0.0,0.3333333333333333,"1"
"2902","15","0","3","0","15.266","7","0","1","0","0","0","0","2.795",1.0,0.0,0.0,0.0,0.0,"2"
"2903","15","0","0","1","14.452","3","1","3","1","0","0","0","3.562",0.5,0.0,0.0,0.0,0.5,"2"
"2904","15","1","0","190086773855917","20","1","3","0","0","0","0","1.361","1.922",0.3333333333333333,0.6666666666666666,0.0,0.0,0.0,"1"
"2905","17","1","0","2","6.759","23","0","2","0","0","1","0","0.739",0.0,0.0,0.9814814814814815,0.018518518518518517,0.0,"4"
"2906","16","1","0","0","9.397","13","0","3","1","0","0","1","2.321",0.0,0.0,0.6,0.4,0.0,"4"
"2907","15","0","0","2","6.616","10","0","4","1","0","0","0","2.838",0.3333333333333333,0.0,0.0,0.6666666666666666,0.0,"3"
"2908","15","1","1","1","15.099","23","0","2","0","0","0","1","0.827",0.0,0.0,0.9814814814814815,0.018518518518518517,0.0,"4"
"2909","16","1","0","2","6.587","27","1","3","1","0","0","1","0.876",0.0,0.0,1.0,0.0,0.0,"4"
"2910","15","1","3","3","2.765","13","0","3","1","0","0","0","1.468",0.0,0.0,0.6,0.4,0.0,"4"
"2911","18","1","2","2","7.981","11","0","2","1","0","1","0","2.122",0.0,0.0,0.2,0.8,0.0,"3"
"2912","16","1","1","2","19.598","15","0","2","1","0","0","0","2.482",0.0,0.0,0.2857142857142857,0.7142857142857143,0.0,"3"
"2913","16","0","2","2","4.518","5","0","4","1","0","0","0","2.876",1.0,0.0,0.0,0.0,0.0,"2"
"2914","16","1","0","1","12.243","19","0","3","0","1","0","0","1.663",0.0,0.0,0.9821428571428571,0.017857142857142856,0.0,"4"
"2915","18","1","0","3","8.659","0","0","1","1","0","0","0","2.964",0.0,1.0,0.0,0.0,0.0,"1"
"2916","16","1","1","1","1.420","11","0","1","1","0","1","3217846252961","1.922",0.125,0.0,0.25,0.625,0.0,"3"
"2917","18","1","2","2","9.758","6","1","4","0","1","0","0","3.208",0.6666666666666666,0.3333333333333333,0.0,0.0,0.0,"2"
"2918","16","0","2","2","14.043","7","1","0","0","0","0","0","2.553",0.0,0.0,0.5,0.5,0.0,"4"
"2919","17","0","0","1","10.264","8","1","3","1","1","0","0","3.129",0.5,0.0,0.0,0.5,0.0,"2"
"2920","15","0","3","1","17.442","1","1","1","1","1","0","0","1.922",0.6666666666666666,0.0,0.0,0.3333333333333333,0.0,"2"
"2921","17","1","0","2","5.779","16","1","0","0","0","0","1","1.357",0.0,0.0,1.0,0.0,0.0,"4"
"2922","15","1","2","3","1.725","19","0","0","0","1","0","0","0.685",0.0,0.0,0.9821428571428571,0.017857142857142856,0.0,"4"
"2923","18","0","3","3","18.731","12","0","2","1","0","0","0","2.235",0.0,0.0,0.0,1.0,0.0,"3"
"2924","17","0","0","2","7.564","4","0","0","0","0","0","1","1.953",0.0,0.5,0.0,0.0,0.5,"1"
"2925","16","0","2","2","11.528","9","0","2","0","1","0","0","2.471",0.25,0.0,0.0,0.75,0.0,"3"
"2926","15","1","0","3","15.840","11","0","3","0","1","0","0","2.512",0.0,0.0,0.0,1.0,0.0,"3"
"2927","15","1","0","0","6.486","16","1","2","0","0","1","972515782565893","1.922",0.018867924528301886,0.0,0.7924528301886793,0.18867924528301888,0.0,"4"
"2928","17","0","1","1","14.323","20","0","3","1","0","0","1","1.345",0.0,0.0,0.9642857142857143,0.03571428571428571,0.0,"4"
"2929","18","0","1","2","2.708","5","0","2","0","0","0","1","2.242",0.0,1.0,0.0,0.0,0.0,"1"
"2930","17","0","3","3","5.826","2","0","2","0","0","0","0","2.637",0.75,0.25,0.0,0.0,0.0,"2"
"2931","18","1","1","3","2.894","27","0","2","0","0","1","0","0.286",0.0,0.0,1.0,0.0,0.0,"4"
"2932","18","1","0","2","16.225","14","1","2","0","1","0","845477071034386","1.922",0.0,0.0,0.5,0.5,0.0,"4"
"2933","15","1","2","0","4.453","6","0","4","1","0","0","0","2.778",0.5,0.5,0.0,0.0,0.0,"2"
"2934","17","0","3","2","14.348","29","0","3","0","0","0","0","0.484",0.0,0.0,1.0,0.0,0.0,"4"
"2935","17","0","0","1","18.866","5","0","2","0","0","0","0","2.876",0.75,0.0,0.0,0.25,0.0,"2"
"2936","18","1","3","1","10.555","3","1","3","0","0","0","0","3.471",0.0,0.8888888888888888,0.0,0.0,0.1111111111111111,"1"
"2937","17","0","0","2","10.801","18","0","2","0","0","0","0","1.318",0.0,0.0,1.0,0.0,0.0,"4"
"2938","16","1","2","0","9.221","4","0","1","1","0","0","0","2.716",1.0,0.0,0.0,0.0,0.0,"2"
"2939","16","0","0","3","6.518","2","1","2","0","1","0","0","3.475",0.0,1.0,0.0,0.0,0.0,"1"
"2940","17","0","0","2","9.513","25","0","3","1","0","0","0","0.935",0.0,0.0,1.0,0.0,0.0,"4"
"2941","17","0","0","2","12.056","24","0","2","0","0","0","1","0.519",0.0,0.0,1.0,0.0,0.0,"4"
"2942","18","0","1","0","19.720","8","0","3","0","1","0","0","2.726",0.8,0.2,0.0,0.0,0.0,"2"
"2943","16","1","0","1","18.755","5","1","2","1","0","0","99064650031246","1.922",0.75,0.0,0.0,0.25,0.0,"2"
"2944","16","0","0","0","17.243","12","0","2","1","0","0","735452919667288","1.922",0.0,0.0,1.0,0.0,0.0,"4"
"2945","15","1","1","4","17.783","26","0","4","1","1","1","0","1.983",0.0,0.0,1.0,0.0,0.0,"4"
"2946","18","1","3","3","9.357","21","0","2","0","0","0","0","0.766",0.0,0.0,1.0,0.0,0.0,"4"
"2947","15","1","0","2","13.149","27","0","3","0","0","0","0","0.636",0.0,0.0,1.0,0.0,0.0,"4"
"2948","16","0","0","1","17.901","29","0","3","1","1","1","0","1.148",0.0,0.0,1.0,0.0,0.0,"4"
"2949","18","1","0","3","7.859","19","0","4","0","1","1","0","1.750",0.0,0.0,0.9821428571428571,0.017857142857142856,0.0,"4"
"2950","17","1","0","1","19.235","3","0","0","1","0","0","0","2.821",0.8181818181818182,0.18181818181818182,0.0,0.0,0.0,"2"
"2951","18","1","2","1","8.316","1","0","1","1","0","1","1","3.241",0.0,0.3333333333333333,0.0,0.0,0.6666666666666666,"0"
"2952","17","0","2","2","12.022","25","0","3","1","0","0","0","0.706",0.0,0.0,1.0,0.0,0.0,"4"
"2953","17","0","1","3","14.196","3","0","2","1","0","0","0","2.913",0.25,0.75,0.0,0.0,0.0,"1"
"2954","18","1","0","0","19.012","7","0","2","0","0","0","0","2.895",0.9,0.1,0.0,0.0,0.0,"2"
"2955","17","0","2","1","4.892","12","0","1","1","1","0","0","1.777",0.0,0.0,0.0,1.0,0.0,"3"
"2956","15","1","1","3","14.923","9","0","1","0","0","0","1","2.457",0.3333333333333333,0.0,0.0,0.6666666666666666,0.0,"3"
"2957","16","1","2","1","10.416","17","1","2","0","0","0","0","1.939",0.0,0.0,1.0,0.0,0.0,"4"
"2958","17","0","1","1","5.371","8","0","1","0","0","0","0","2.292",0.0,0.0,0.0,1.0,0.0,"3"
"2959","15","1","2","2","15.532","29","0","1","0","1","0","0","0.585",0.0,0.0,1.0,0.0,0.0,"4"
"2960","17","0","1","3","11.044","0","0","0","1","0","1","1","2.905",0.08333333333333333,0.08333333333333333,0.0,0.0,0.8333333333333334,"0"
"2961","16","0","0","2","13.219","12","0","1","1","0","0","0","1.739",0.0,0.0,1.0,0.0,0.0,"4"
"2962","15","1","3","4","6.458","17","1","3","0","1","0","0","1.670",0.0,0.0,1.0,0.0,0.0,"4"
"2963","16","0","1","2","9.625","14","0","3","0","0","0","0","1.648",0.0,0.0,0.5,0.5,0.0,"4"
"2964","16","0","1","0","12.347","1","0","0","1","0","0","1","2.710",1.0,0.0,0.0,0.0,0.0,"2"
"2965","15","1","0","4","8.098","10","0","1","1","0","0","0","1.956",0.25,0.0,0.5,0.25,0.0,"4"
"2966","15","1","1","2","3.967","28","0","2","1","1","0","0","0.673",0.0,0.0,1.0,0.0,0.0,"4"
"2967","15","0","1","1","19.233","13","0","2","1","1","0","0","2.607",0.6666666666666666,0.0,0.0,0.3333333333333333,0.0,"2"
"2968","18","0","0","2","10.229","21","0","3","1","0","1","0","1.566",0.0,0.0,1.0,0.0,0.0,"4"
"2969","15","1","0","1","14.678","14","1","3","0","0","0","0","2.197",0.3333333333333333,0.0,0.0,0.6666666666666666,0.0,"3"
"2970","15","0","1","0","8.221","13","1","3","1","0","0","0","2.333",0.0,0.0,0.5,0.5,0.0,"4"
"2971","15","0","2","0","7.103","15","0","2","1","0","0","0","1.773",0.0,0.0,1.0,0.0,0.0,"4"
"2972","15","0","1","2","8.143","22","0","2","1","1","0","1","1.150",0.0,0.0,1.0,0.0,0.0,"4"
"2973","17","0","0","3","8.184","28","1","3","0","0","0","0","0.841",0.0,0.0,1.0,0.0,0.0,"4"
"2974","18","0","1","2","10.884","14","0","0","1","1","0","0","1.564",0.0,0.0,0.75,0.25,0.0,"4"
"2975","16","0","0","4","10.869","18","0","0","0","0","0","0","0.871",0.0,0.0,1.0,0.0,0.0,"4"
"2976","15","0","0","1","9.943","26","1","0","0","1","1","0","0.613",0.0,0.0,1.0,0.0,0.0,"4"
"2977","17","1","0","1","2.696","8","0","2","1","1","0","0","2.572",0.25,0.0,0.0,0.75,0.0,"3"
"2978","17","1","0","1","9.922","4","0","1","0","0","0","0","2.308",0.5,0.5,0.0,0.0,0.0,"2"
"2979","17","1","0","1","3.382","4","0","1","0","0","1","0","2.318",0.5,0.5,0.0,0.0,0.0,"2"
"2980","16","1","0","1","2.523","10","0","3","1","0","0","0","2.311",0.25,0.0,0.5,0.25,0.0,"4"
"2981","15","1","0","2","18.653","27","1","4","1","1","1","1","1.586",0.0,0.0,1.0,0.0,0.0,"4"
"2982","18","0","0","3","12.099","19","0","1","1","0","1","0","1.631",0.0,0.0,0.9821428571428571,0.017857142857142856,0.0,"4"
"2983","18","0","1","4","13.190","24","1","2","0","1","1","0","1.559",0.0,0.0,1.0,0.0,0.0,"4"
"2984","17","0","0","1","8.036","23","0","1","1","0","0","0","0.684",0.0,0.0,0.9814814814814815,0.018518518518518517,0.0,"4"
"2985","16","0","0","3","18.180","27","0","4","0","0","0","0","0.971",0.0,0.0,1.0,0.0,0.0,"4"
"2986","16","1","2","1","12.759","3","0","1","1","0","0","1","3.345",0.5,0.0,0.0,0.5,0.0,"2"
"2987","16","0","0","1","15.383","19","0","3","0","1","0","0","1.886",0.0,0.0,0.9821428571428571,0.017857142857142856,0.0,"4"
"2988","18","0","1","3","7.371","17","0","1","1","0","0","0","1.470",0.0,0.0,1.0,0.0,0.0,"4"
"2989","17","1","0","2","19.200","24","0","3","0","0","0","0","1.436",0.0,0.0,1.0,0.0,0.0,"4"
"2990","15","0","0","1","16.409","2","1","1","1","1","0","0","3.400",0.5,0.5,0.0,0.0,0.0,"2"
"2991","18","0","1","2","17.079","3","1","1","0","1","0","0","3.564",0.0,0.8888888888888888,0.0,0.0,0.1111111111111111,"1"
"2992","17","1","1","1","3.444","13","0","1","1","1","1","744387503601613","1.922",0.0,0.0,0.6,0.4,0.0,"4"
"2993","17","0","2","2","5.419","6","0","1","0","0","0","0","2.504",0.0,0.0,0.0,1.0,0.0,"3"
"2994","15","0","1","2","5.713","25","1","3","1","0","0","0","0.967",0.0,0.0,1.0,0.0,0.0,"4"
"2995","15","0","3","4","5.418","7","0","3","0","0","0","0","2.691",0.0,0.3333333333333333,0.0,0.6666666666666666,0.0,"3"
"2996","15","0","0","0","17.108","23","0","2","0","1","0","0","0.865",0.0,0.0,0.9814814814814815,0.018518518518518517,0.0,"4"
"2997","16","0","0","1","0.638","15","1","4","1","0","0","0","1.994",0.3333333333333333,0.0,0.0,0.6666666666666666,0.0,"3"
"2998","15","1","0","2","1.522","19","0","2","1","0","0","0","1.200",0.0,0.0,0.9821428571428571,0.017857142857142856,0.0,"4"
"2999","17","1","0","2","5.478","14","0","4","0","1","0","0","2.196",0.6,0.0,0.0,0.4,0.0,"2"
"3000","15","1","1","1","3.997","6","0","1","0","0","1","0","1.901",0.0,0.0,0.0,1.0,0.0,"3"
"3001","17","1","1","2","4.637","25","0","4","1","0","1","0","0.840",0.0,0.0,1.0,0.0,0.0,"4"
"3002","18","1","0","3","15.959","16","0","0","1","0","0","1","1.362",0.0,0.0,1.0,0.0,0.0,"4"
"3003","16","1","3","3","11.263","21","0","2","0","0","0","0","0.851",0.0,0.0,1.0,0.0,0.0,"4"
"3004","18","0","2","3","0.115","21","1","2","1","0","0","33653059742336","1.922",0.0,0.0,1.0,0.0,0.0,"4"
"3005","18","1","0","3","8.586","21","0","2","1","1","0","0","1.391",0.0,0.0,1.0,0.0,0.0,"4"
"3006","17","1","0","2","8.158","11","0","2","0","1","0","1","2.440",0.0,0.0,0.0,1.0,0.0,"3"
"3007","18","0","0","3","2.279","17","0","2","0","0","1","0","1.243",0.0,0.0,1.0,0.0,0.0,"4"
"3008","17","0","0","1","13.523","23","1","4","1","0","0","0","1.965",0.0,0.0,0.9814814814814815,0.018518518518518517,0.0,"4"
"3009","15","1","0","1","14.042","13","1","4","1","0","0","0","2.688",0.0,0.0,0.0,1.0,0.0,"3"
"3010","15","0","1","1","14.418","14","1","4","1","1","0","0","2.740",0.6,0.0,0.0,0.4,0.0,"2"
"3011","17","1","0","2","14.569","14","0","4","0","0","1","0","2.496",0.6,0.0,0.0,0.4,0.0,"2"
"3012","15","0","0","1010565386459360260","4","1","3","0","1","0","0","2.969","1.922",1.0,0.0,0.0,0.0,0.0,"2"
"3013","16","1","3","4","19.078","15","0","4","0","1","0","0","2.216",0.06666666666666667,0.0,0.9333333333333333,0.0,0.0,"4"
"3014","18","0","1","1","16.284","4","0","3","1","0","0","0","3.504",0.0,0.6666666666666666,0.0,0.0,0.3333333333333333,"1"
"3015","16","0","3","0","18.080","1","0","2","0","0","1","0","3.385",0.0,1.0,0.0,0.0,0.0,"1"
"3016","18","1","0","2","0.313","19","0","3","0","0","0","0","1.418",0.0,0.0,0.9821428571428571,0.017857142857142856,0.0,"4"
"3017","15","1","0","0","18.677","27","1","4","0","0","0","0","1.139",0.0,0.0,1.0,0.0,0.0,"4"
"3018","16","1","1","1","16.196","24","0","3","0","0","0","0","0.770",0.0,0.0,1.0,0.0,0.0,"4"
"3019","15","1","0","1","16.744","8","0","2","0","0","0","0","2.348",0.25,0.0,0.0,0.75,0.0,"3"
"3020","18","1","0","2","1.866","21","0","0","0","0","0","1","0.322",0.0,0.0,1.0,0.0,0.0,"4"
"3021","17","0","1","2","14.776","26","0","3","1","0","1","0","1.124",0.0,0.0,1.0,0.0,0.0,"4"
"3022","17","1","1","2","19.198","8","0","4","0","0","0","0","2.717",0.0,0.5,0.0,0.5,0.0,"1"
"3023","16","1","0","2","13.571","3","0","2","0","0","0","0","2.657",0.8181818181818182,0.18181818181818182,0.0,0.0,0.0,"2"
"3024","15","0","0","2","11.411","14","0","1","0","0","0","0","1.528",0.0,0.0,0.3333333333333333,0.6666666666666666,0.0,"3"
"3025","15","0","0","1","18.913","10","0","2","0","1","1","0","2.736",0.3333333333333333,0.0,0.0,0.6666666666666666,0.0,"3"
"3026","16","1","0","1","8.859","0","1","2","0","1","1","0","3.748",0.08333333333333333,0.08333333333333333,0.0,0.0,0.8333333333333334,"0"
"3027","17","0","0","2","11.986","17","1","2","0","0","0","0","1.706",0.0,0.0,1.0,0.0,0.0,"4"
"3028","18","0","0","0","9.527","28","1","3","0","0","0","0","0.959",0.0,0.0,1.0,0.0,0.0,"4"
"3029","16","1","0","0","18.657","0","1","4","1","0","0","1","1.922",0.0,0.0,0.0,0.0,1.0,"0"
"3030","18","0","3","2","1.522","7","0","3","0","0","0","0","1.859",0.0,0.3333333333333333,0.0,0.6666666666666666,0.0,"3"
"3031","17","0","1","2","10.022","24","1","2","0","0","0","7755569217258","1.922",0.0,0.0,1.0,0.0,0.0,"4"
"3032","15","1","2","1","13.739","15","0","4","1","1","0","0","2.414",0.0,0.0,0.0,1.0,0.0,"3"
"3033","17","1","0","1","15.838","25","1","2","0","0","0","0","1.172",0.0,0.0,1.0,0.0,0.0,"4"
"3034","16","0","0","3","11.660","27","0","1","1","0","0","0","0.276",0.0,0.0,1.0,0.0,0.0,"4"
"3035","15","0","0","3","18.178","21","1","2","0","1","0","0","1.908",0.0,0.0,1.0,0.0,0.0,"4"
"3036","16","1","0","2","18.840","17","0","3","0","0","1","18579782190191","1.922",0.0,0.0,0.625,0.375,0.0,"4"
"3037","16","0","0","2","1.286","21","0","3","0","0","0","0","0.916",0.0,0.0,1.0,0.0,0.0,"4"
"3038","17","0","2","2","8.047","8","0","4","1","1","0","0","3.129",0.5,0.5,0.0,0.0,0.0,"2"
"3039","16","0","1","4","0.469","11","0","2","0","0","0","0","1.946",0.0,0.0,1.0,0.0,0.0,"4"
"3040","17","1","1","4","6.588","18","1","1","0","0","0","0","1.510",0.0,0.0,0.9333333333333333,0.06666666666666667,0.0,"4"
"3041","15","0","0","1","10.737","24","0","0","0","1","0","0","0.153",0.0,0.0,1.0,0.0,0.0,"4"
"3042","17","0","3","3","18.216","17","0","3","0","1","0","0","1.712",0.0,0.0,0.5,0.5,0.0,"4"
"3043","15","1","0","1","16.931","26","1","3","1","1","0","0","1.420",0.0,0.0,1.0,0.0,0.0,"4"
"3044","17","0","0","1","2.550","4","0","2","0","1","0","0","2.439",0.0,0.6666666666666666,0.0,0.3333333333333333,0.0,"1"
"3045","18","0","0","2","1.861","26","0","2","1","0","0","0","0.317",0.0,0.0,1.0,0.0,0.0,"4"
"3046","18","1","2","2","11.785","1","0","4","0","1","0","0","3.543",0.0,0.6666666666666666,0.0,0.0,0.3333333333333333,"1"
"3047","16","1","3","3","10.642","6","0","4","1","1","0","0","3.125",0.0,0.0,0.0,0.0,1.0,"0"
"3048","17","1","0","0","5.328","26","1","1","0","1","0","0","0.655",0.0,0.0,1.0,0.0,0.0,"4"
"3049","17","1","2","2","17.989","9","1","3","1","1","0","0","3.512",0.6,0.2,0.0,0.2,0.0,"2"
"3050","15","0","2","3","18.547","14","1","3","0","0","1","0","2.863",1.0,0.0,0.0,0.0,0.0,"2"
"3051","16","0","0","3","8.052","24","0","1","1","1","1","0","1.116",0.0,0.0,1.0,0.0,0.0,"4"
"3052","17","1","0","1","17.806","6","0","2","1","0","0","0","3.201",0.6666666666666666,0.2222222222222222,0.0,0.1111111111111111,0.0,"2"
"3053","16","1","0","1","7.679","27","0","1","0","0","0","0","0.101",0.0,0.0,1.0,0.0,0.0,"4"
"3054","18","0","3","2","14.736","4","1","1","1","0","0","171336823913077","1.922",0.0,0.8461538461538461,0.0,0.0,0.15384615384615385,"1"
"3055","17","1","0","1","9.519","14","0","3","1","1","0","0","2.221",0.0,0.0,0.0,1.0,0.0,"3"
"3056","17","0","2","4","2.452","19","0","2","1","0","0","1","1.111",0.0,0.0,0.9821428571428571,0.017857142857142856,0.0,"4"
"3057","16","1","0","3","18.559","27","0","2","0","1","0","0","0.992",0.0,0.0,1.0,0.0,0.0,"4"
"3058","17","0","2","1","9.082","19","0","2","0","0","0","0","1.175",0.0,0.0,0.9821428571428571,0.017857142857142856,0.0,"4"
"3059","16","1","0","1","14.690","14","1","0","1","0","0","0","2.293",0.0,0.0,0.75,0.25,0.0,"4"
"3060","17","1","1","0","7.343","9","0","3","0","0","0","1","2.294",0.7142857142857143,0.0,0.0,0.2857142857142857,0.0,"2"
"3061","15","0","2","3","0.378","23","0","2","0","0","0","1","0.370",0.0,0.0,0.9814814814814815,0.018518518518518517,0.0,"4"
"3062","16","1","2","110607173836718","25","0","2","1","1","0","0","0.666","1.922",0.0,1.0,0.0,0.0,0.0,"1"
"3063","17","0","2","2","9.924","28","1","4","0","0","0","0","0.729",0.0,0.0,1.0,0.0,0.0,"4"
"3064","18","0","0","2","13.799","25","0","2","0","0","1","10198033751084","1.922",0.0,0.0,1.0,0.0,0.0,"4"
"3065","17","0","1","2","6.695","13","0","3","0","0","0","0","1.830",0.0,0.0,0.8,0.2,0.0,"4"
"3066","18","0","0","0","13.910","25","0","2","1","0","0","0","0.941",0.0,0.0,1.0,0.0,0.0,"4"
"3067","18","0","0","1","13.973","25","0","3","1","0","0","0","1.153",0.0,0.0,1.0,0.0,0.0,"4"
"3068","15","1","1","3","14.079","9","1","3","1","0","0","30196982539537","1.922",0.6,0.2,0.0,0.2,0.0,"2"
"3069","16","1","0","3","9.850","16","0","1","1","0","0","0","1.757",0.0,0.0,0.6,0.4,0.0,"4"
"3070","17","0","1","2","18.298","20","1","3","0","0","1","0","1.966",0.0,0.0,0.9642857142857143,0.03571428571428571,0.0,"4"
"3071","15","1","3","0","9.784","13","0","0","0","0","0","1","1.302",0.0,0.0,0.3333333333333333,0.6666666666666666,0.0,"3"
"3072","17","0","0","1","9.005","1","1","4","0","1","1","0","3.773",0.0,0.6666666666666666,0.0,0.0,0.3333333333333333,"1"
"3073","18","1","1","2","3.988","15","1","2","0","1","1","0","1.922",0.06666666666666667,0.0,0.9333333333333333,0.0,0.0,"4"
"3074","16","1","0","1","6.153","12","0","3","0","0","0","0","1.789",0.14285714285714285,0.0,0.2857142857142857,0.5714285714285714,0.0,"3"
"3075","17","1","0","3","0.847","26","0","2","1","0","0","1","0.633",0.0,0.0,1.0,0.0,0.0,"4"
"3076","17","1","0","2","12.671","8","0","3","1","0","1","0","2.850",0.5,0.0,0.0,0.5,0.0,"2"
"3077","18","0","3","0","4.971","6","0","4","0","0","0","0","2.685",0.5,0.5,0.0,0.0,0.0,"2"
"3078","17","0","2","3","6.083","15","0","3","1","0","0","0","1.899",0.0,0.0,1.0,0.0,0.0,"4"
"3079","17","1","3","4","15.416","9","0","1","1","0","0","0","2.454",0.3333333333333333,0.0,0.0,0.6666666666666666,0.0,"3"
"3080","18","1","3","0","6.544","23","1","2","1","0","0","0","1.208",0.0,0.0,0.9814814814814815,0.018518518518518517,0.0,"4"
"3081","15","0","0","2","4.844","21","0","2","0","1","0","0","1.527",0.0,0.0,1.0,0.0,0.0,"4"
"3082","18","1","0","1","3.381","8","1","2","0","1","0","0","2.687",0.75,0.125,0.0,0.125,0.0,"2"
"3083","15","0","1","1","15.497","21","0","2","0","0","1","0","1.131",0.0,0.0,1.0,0.0,0.0,"4"
"3084","16","0","0","1","2.594","22","0","2","0","0","0","0","0.741",0.0,0.0,1.0,0.0,0.0,"4"
"3085","15","0","0","2","9.075","6","1","2","0","0","1","0","2.893",0.6666666666666666,0.2222222222222222,0.0,0.1111111111111111,0.0,"2"
"3086","15","1","0","4","10.139","15","0","1","1","0","0","0","1.376",0.0,0.0,0.2857142857142857,0.7142857142857143,0.0,"3"
"3087","16","0","1","2","13.748","8","0","2","0","0","0","0","1.936",0.25,0.0,0.0,0.75,0.0,"3"
"3088","15","1","1","0","12.666","26","1","1","0","1","1","583113523259429","1.922",0.0,0.0,1.0,0.0,0.0,"4"
"3089","18","0","0","2","16.214","23","1","1","0","1","0","0","1.230",0.0,0.0,0.9814814814814815,0.018518518518518517,0.0,"4"
"3090","15","1","0","1","0.895","28","0","3","1","0","0","0","0.147",0.0,0.0,1.0,0.0,0.0,"4"
"3091","16","1","1","3","5.929","16","0","0","0","1","0","1","1.170",0.0,0.0,1.0,0.0,0.0,"4"
"3092","18","1","1","2","5.603","19","0","2","0","0","0","16215042238629","1.922",0.0,0.0,0.9821428571428571,0.017857142857142856,0.0,"4"
"3093","16","0","0","1","2.920","6","0","2","1","0","1","0","2.521",0.6666666666666666,0.2222222222222222,0.0,0.1111111111111111,0.0,"2"
"3094","16","0","2","1","5.784","10","0","2","0","0","0","278419222415676","1.922",0.2,0.0,0.06666666666666667,0.7333333333333333,0.0,"3"
"3095","17","1","0","2","6.195","7","0","3","1","0","0","0","2.671",0.8,0.0,0.0,0.2,0.0,"2"
"3096","17","1","0","1","10.438","6","0","2","0","1","0","0","2.873",0.0,0.0,0.0,1.0,0.0,"3"
"3097","16","1","2","2","13.274","27","1","1","0","1","0","296486453677298","1.922",0.0,0.0,1.0,0.0,0.0,"4"
"3098","16","0","1","1","7.622","18","1","3","0","0","0","0","1.757",0.0,0.0,0.9166666666666666,0.08333333333333333,0.0,"4"
"3099","16","0","0","1","14.389","19","0","4","1","1","0","0","1.895",0.0,0.0,0.9821428571428571,0.017857142857142856,0.0,"4"
"3100","17","0","1","2","6.723","11","0","0","1","1","0","135367286041147","1.922",0.125,0.0,0.25,0.625,0.0,"3"
"3101","17","0","1","3","5.806","6","0","2","0","0","0","53147894166025","1.922",0.6097560975609756,0.21951219512195122,0.0,0.17073170731707318,0.0,"2"
"3102","15","1","2","3","10.824","7","0","2","0","0","0","0","2.330",0.9,0.1,0.0,0.0,0.0,"2"
"3103","15","1","2","1","0.474","6","0","1","0","1","0","0","1.756",0.0,0.0,0.0,1.0,0.0,"3"
"3104","16","0","1","1","1.596","5","0","2","1","1","1","0","2.827",1.0,0.0,0.0,0.0,0.0,"2"
"3105","18","0","0","1","8.359","24","0","3","0","0","0","0","0.694",0.0,0.0,1.0,0.0,0.0,"4"
"3106","18","1","0","2","18.858","8","1","1","0","0","1","0","2.954",1.0,0.0,0.0,0.0,0.0,"2"
"3107","17","0","0","2","14.430","26","1","4","0","0","0","0","0.989",0.0,0.0,1.0,0.0,0.0,"4"
"3108","17","0","0","3","1.763","12","1","2","0","1","0","0","2.137",0.5,0.0,0.0,0.5,0.0,"2"
"3109","17","0","1","3","16.926","6","0","2","1","1","0","3210533252155","1.922",0.0,0.0,0.0,0.0,1.0,"0"
"3110","16","0","1","1","14.646","7","0","3","1","0","0","0","2.804",0.8,0.0,0.0,0.2,0.0,"2"
"3111","18","0","0","2","12.219","21","0","0","0","0","0","0","0.613",0.0,0.0,1.0,0.0,0.0,"4"
"3112","15","0","0","3","16.406","16","1","2","0","1","0","0","2.202",0.0,0.0,0.8,0.2,0.0,"4"
"3113","16","1","0","3","8.082","16","0","2","0","0","0","0","1.410",0.0,0.0,1.0,0.0,0.0,"4"
"3114","15","0","0","0","4.430","15","0","2","0","1","0","0","1.441",0.0,0.0,0.6666666666666666,0.3333333333333333,0.0,"4"
"3115","15","0","2","1","10.240","21","0","2","1","0","0","1","1.234",0.0,0.0,1.0,0.0,0.0,"4"
"3116","16","1","0","2","10.977","1","0","0","0","0","0","0","2.791",0.3333333333333333,0.6666666666666666,0.0,0.0,0.0,"1"
"3117","15","1","1","1","10.767","29","0","1","0","0","0","0","0.379",0.0,0.0,1.0,0.0,0.0,"4"
"3118","18","1","3","1","11.301","7","0","1","0","0","0","1","2.173",0.5,0.0,0.0,0.5,0.0,"2"
"3119","15","0","0","0","18.974","16","0","4","1","1","0","0","2.392",0.0,0.0,0.0,1.0,0.0,"3"
"3120","18","1","0","2","18.045","12","0","0","0","1","0","0","1.783",0.0,0.0,1.0,0.0,0.0,"4"
"3121","18","0","0","1","17.514","17","0","1","1","1","0","0","1.786",0.0,0.0,1.0,0.0,0.0,"4"
"3122","18","0","1","0","16.028","23","0","4","1","0","0","0","1.269",0.0,0.0,0.9814814814814815,0.018518518518518517,0.0,"4"
"3123","17","0","1","1","18.869","27","1","3","1","0","0","0","1.487",0.0,0.0,1.0,0.0,0.0,"4"
"3124","15","1","0","3","1.970","21","0","2","1","0","0","619359966520148","1.922",0.0,0.0,1.0,0.0,0.0,"4"
"3125","16","1","1","3","5.302","27","0","0","0","1","0","0","1.922",0.0,0.0,1.0,0.0,0.0,"4"
"3126","16","1","2","2","9.901","9","0","3","0","0","0","0","2.152",0.7142857142857143,0.0,0.0,0.2857142857142857,0.0,"2"
"3127","15","1","0","2","16.931","1","1","1","1","1","0","0","3.597",0.0,1.0,0.0,0.0,0.0,"1"
"3128","17","1","0","4","10.103","1","0","3","1","1","0","0","3.813",0.0,0.8888888888888888,0.0,0.0,0.1111111111111111,"1"
"3129","17","0","2","1","14.961","26","0","4","1","0","1","1","1.177",0.0,0.0,1.0,0.0,0.0,"4"
"3130","18","0","1","1","2.779","13","0","2","1","1","0","1","1.948",0.6666666666666666,0.0,0.0,0.3333333333333333,0.0,"2"
"3131","15","0","2","1","5.048","15","0","1","0","1","0","0","1.808",0.0,0.0,0.6666666666666666,0.3333333333333333,0.0,"4"
"3132","15","0","1","1","14.636","6","0","3","0","1","1","0","3.222",0.0,0.0,0.0,1.0,0.0,"3"
"3133","16","1","2","1","3.295","20","0","2","1","0","0","0","0.809",0.0,0.0,0.9642857142857143,0.03571428571428571,0.0,"4"
"3134","15","1","0","3","7.027","20","1","2","1","1","0","0","1.295",0.0,0.0,0.9642857142857143,0.03571428571428571,0.0,"4"
"3135","17","0","2","2","5.297","23","1","2","0","0","1","777476837996005","1.922",0.0,0.0,0.9814814814814815,0.018518518518518517,0.0,"4"
"3136","15","1","3","2","6.997","11","1","3","0","0","1","0","2.920",0.6666666666666666,0.0,0.3333333333333333,0.0,0.0,"2"
"3137","16","1","1","3","14.166","27","0","2","0","0","0","0","0.796",0.0,0.0,1.0,0.0,0.0,"4"
"3138","18","0","0","0","7.357","22","1","4","0","0","0","0","1.446",0.0,0.0,1.0,0.0,0.0,"4"
"3139","16","0","0","1","11.105","27","0","3","0","1","0","0","0.940",0.0,0.0,1.0,0.0,0.0,"4"
"3140","16","1","0","2","1.999","13","0","1","1","0","0","0","1.782",0.0,0.0,0.6,0.4,0.0,"4"
"3141","18","1","0","2","16.100","24","1","3","0","0","1","0","1.106",0.0,0.0,1.0,0.0,0.0,"4"
"3142","16","0","0","0","7.398","3","0","1","1","0","0","0","2.813",0.8181818181818182,0.18181818181818182,0.0,0.0,0.0,"2"
"3143","16","0","1","2","12.971","25","0","3","1","1","1","0","1.652",0.0,0.0,1.0,0.0,0.0,"4"
"3144","15","0","1","2","14.508","3","0","1","1","1","0","0","3.604",0.25,0.75,0.0,0.0,0.0,"1"
"3145","15","1","0","2","4.193","17","0","2","1","0","0","0","1.527",0.0,0.0,1.0,0.0,0.0,"4"
"3146","18","0","1","2","17.693","2","1","3","0","1","0","1","3.459",0.0,0.75,0.0,0.0,0.25,"1"
"3147","15","0","0","1","12.324","0","0","1","1","0","0","0","3.334",0.0,1.0,0.0,0.0,0.0,"1"
"3148","15","1","0","0","8.575","16","0","3","0","0","0","0","1.718",0.0,0.0,1.0,0.0,0.0,"4"
"3149","16","1","0","2","3.647","6","0","3","1","1","1","0","3.183",0.0,0.0,0.0,0.0,1.0,"0"
"3150","17","1","1","1","18.846","29","1","2","0","1","0","0","0.997",0.0,0.0,1.0,0.0,0.0,"4"
"3151","15","1","0","3","15.101","15","0","2","1","1","0","1","2.525",0.0,0.0,1.0,0.0,0.0,"4"
"3152","17","1","0","2","4.160","29","0","4","0","0","1","0","0.513",0.0,0.0,1.0,0.0,0.0,"4"
"3153","15","0","0","1","6.754","4","1","1","0","0","1","1","2.864",0.0,0.8461538461538461,0.0,0.0,0.15384615384615385,"1"
"3154","15","0","2","2","16.193","18","0","3","0","0","1","0","1.733",0.0,0.0,0.9166666666666666,0.08333333333333333,0.0,"4"
"3155","18","1","0","2","13.914","6","0","3","1","0","0","0","2.987",0.3333333333333333,0.6666666666666666,0.0,0.0,0.0,"1"
"3156","18","1","1","1","15.316","13","1","4","0","0","0","0","2.565",0.0,0.0,0.0,1.0,0.0,"3"
"3157","18","1","1","3","8.824","1","0","3","0","0","0","1","3.139",0.0,0.8888888888888888,0.0,0.0,0.1111111111111111,"1"
"3158","17","1","2","3","14.330","2","1","2","1","0","0","1","3.636",0.0,0.0,0.0,0.0,1.0,"0"
"3159","16","1","3","2","7.730","16","0","4","0","0","1","0","1.467",0.0,0.0,1.0,0.0,0.0,"4"
"3160","15","0","0","0","4.225","15","1","3","0","0","0","0","1.800",0.0,0.0,0.6666666666666666,0.3333333333333333,0.0,"4"
"3161","15","0","0","2","12.654","7","1","3","0","1","0","0","3.183",0.0,1.0,0.0,0.0,0.0,"1"
"3162","15","0","2","2","19.520","17","0","0","0","0","0","0","1.442",0.0,0.0,1.0,0.0,0.0,"4"
"3163","17","0","0","1","6.212","14","0","2","1","1","1","0","1.882",0.0,0.0,0.0,1.0,0.0,"3"
"3164","18","1","1","1","9.219","6","1","3","0","0","1","0","3.133",1.0,0.0,0.0,0.0,0.0,"2"
"3165","16","0","1","3","13.480","26","0","2","1","0","0","0","0.814",0.0,0.0,1.0,0.0,0.0,"4"
"3166","17","1","1","0","10.830","8","0","2","0","0","0","0","2.478",0.25,0.0,0.0,0.75,0.0,"3"
"3167","18","1","3","2","16.869","5","0","1","1","0","0","0","2.971",0.5,0.25,0.0,0.25,0.0,"2"
"3168","17","1","3","2","15.235","17","1","2","1","0","0","71972431377945","1.922",0.0,0.0,1.0,0.0,0.0,"4"
"3169","16","0","2","2","1.166","17","1","1","1","1","0","1","1.636",0.0,0.0,1.0,0.0,0.0,"4"
"3170","18","1","0","0","19.968","24","0","1","0","0","0","0","0.906",0.0,0.0,1.0,0.0,0.0,"4"
"3171","17","0","2","3","15.048","25","0","2","0","0","0","0","0.809",0.0,0.0,1.0,0.0,0.0,"4"
"3172","16","0","0","1","17.278","23","1","3","0","0","0","0","1.684",0.0,0.0,0.9814814814814815,0.018518518518518517,0.0,"4"
"3173","15","1","0","2","13.024","13","1","2","1","1","0","0","3.139",0.5,0.0,0.0,0.5,0.0,"2"
"3174","16","1","2","2","17.126","13","0","1","0","0","1","0","1.799",0.0,0.0,0.8,0.2,0.0,"4"
"3175","15","1","0","2","2.248","13","1","1","1","1","1","0","1.687",0.5,0.0,0.0,0.5,0.0,"2"
"3176","17","0","0","4","6.955","24","1","2","0","0","1","0","0.903",0.0,0.0,1.0,0.0,0.0,"4"
"3177","18","1","0","2","17.528","3","0","3","0","0","1","0","3.138",0.16666666666666666,0.5,0.0,0.16666666666666666,0.16666666666666666,"1"
"3178","18","0","2","133104225337844","3","1","3","0","0","0","1","3.189","1.922",1.0,0.0,0.0,0.0,0.0,"2"
"3179","17","1","1","4","1.565","14","0","1","0","1","0","0","1.795",0.0,0.0,0.3333333333333333,0.6666666666666666,0.0,"3"
"3180","18","1","1","2","15.762","14","0","2","1","1","0","0","2.436",0.0,0.0,0.5,0.5,0.0,"4"
"3181","18","0","0","1","16.710","17","0","3","0","0","0","0","1.688",0.0,0.0,0.8571428571428571,0.14285714285714285,0.0,"4"
"3182","15","0","2","1","3.253","13","1","1","0","0","0","0","1.844",0.0,0.0,0.25,0.75,0.0,"3"
"3183","17","0","2","3","17.087","25","1","2","0","0","0","0","1.306",0.0,0.0,1.0,0.0,0.0,"4"
"3184","16","0","0","1","13.735","0","0","2","1","0","0","0","3.545",0.0,1.0,0.0,0.0,0.0,"1"
"3185","15","0","0","2","10.402","9","0","1","0","0","0","1","2.172",0.25,0.0,0.0,0.75,0.0,"3"
"3186","17","0","0","2","16.605","28","0","0","0","1","0","0","0.375",0.0,0.0,1.0,0.0,0.0,"4"
"3187","15","1","3","1","8.385","19","1","2","1","1","0","0","1.558",0.0,0.0,0.9821428571428571,0.017857142857142856,0.0,"4"
"3188","16","1","1","2","3.880","9","1","0","0","0","0","0","2.186",0.6,0.2,0.0,0.2,0.0,"2"
"3189","16","0","3","0","5.697","9","0","1","0","1","0","0","2.460",0.25,0.0,0.0,0.75,0.0,"3"
"3190","17","1","0","2","10.103","26","0","2","0","1","0","0","0.428",0.0,0.0,1.0,0.0,0.0,"4"
"3191","16","0","2","2","10.627","23","0","0","1","0","0","0","0.872",0.0,0.0,0.9814814814814815,0.018518518518518517,0.0,"4"
"3192","15","1","2","2","16.112","1","0","2","1","0","0","0","3.223",0.2727272727272727,0.7272727272727273,0.0,0.0,0.0,"1"
"3193","16","1","1","2","15.827","28","0","1","1","1","0","0","0.818",0.0,0.0,1.0,0.0,0.0,"4"
"3194","15","0","3","3","11.627","27","1","2","1","0","0","0","0.619",0.0,0.0,1.0,0.0,0.0,"4"
"3195","15","0","0","2","15.616","26","0","3","1","0","0","0","1.175",0.0,0.0,1.0,0.0,0.0,"4"
"3196","16","0","0","0","3.835","7","0","3","0","1","1","0","2.801",0.5,0.5,0.0,0.0,0.0,"2"
"3197","17","1","1","1012905418658868","0","0","2","0","0","0","0","2.995","1.922",0.0,0.5,0.0,0.0,0.5,"1"
"3198","18","0","2","2","17.473","0","0","0","0","1","0","0","3.354",0.2,0.8,0.0,0.0,0.0,"1"
"3199","16","1","1","3","1.511","3","0","3","0","0","0","0","2.733",0.25,0.75,0.0,0.0,0.0,"1"
"3200","15","0","0","3","4.934","6","0","1","1","0","0","0","2.556",0.0,0.0,0.0,1.0,0.0,"3"
"3201","15","1","1","3","13.906","8","0","0","1","0","1","0","2.378",0.0,0.0,0.0,1.0,0.0,"3"
"3202","16","1","0","1","8.189","15","1","3","0","0","0","607924590958486","1.922",0.06666666666666667,0.0,0.9333333333333333,0.0,0.0,"4"
"3203","17","0","0","2","17.526","4","0","4","0","0","0","0","3.115",0.5,0.5,0.0,0.0,0.0,"2"
"3204","17","1","1","2","5.960","1","1","2","1","0","0","0","3.454",0.6666666666666666,0.3333333333333333,0.0,0.0,0.0,"2"
"3205","15","1","2","1","0.237","27","0","0","0","1","0","0","1.922",0.0,0.0,1.0,0.0,0.0,"4"
"3206","15","0","0","0","6.013","22","0","3","0","0","0","281836891510068","1.922",0.0,0.0,1.0,0.0,0.0,"4"
"3207","17","1","0","3","11.562","10","0","0","1","0","0","0","1.989",0.25,0.0,0.5,0.25,0.0,"4"
"3208","18","0","0","1","7.519","17","1","3","0","0","0","0","1.672",0.0,0.0,0.8571428571428571,0.14285714285714285,0.0,"4"
"3209","16","0","0","1","10.697","24","0","2","1","0","0","1","0.876",0.0,0.0,1.0,0.0,0.0,"4"
"3210","15","0","2","0","17.532","24","0","2","1","0","0","0","0.860",0.0,0.0,1.0,0.0,0.0,"4"
"3211","15","0","3","3","18.250","18","1","2","0","0","0","1","1.971",0.0,0.0,1.0,0.0,0.0,"4"
"3212","17","1","0","2","5.319","12","0","4","0","1","0","0","2.269",0.5,0.125,0.0,0.375,0.0,"2"
"3213","16","1","2","2","9.243","23","1","3","1","0","0","0","1.119",0.0,0.0,0.9814814814814815,0.018518518518518517,0.0,"4"
"3214","17","1","2","3","10.983","10","0","2","0","1","1","0","2.371",1.0,0.0,0.0,0.0,0.0,"2"
"3215","16","0","2","1","18.982","19","0","3","0","0","0","0","1.500",0.0,0.0,0.9821428571428571,0.017857142857142856,0.0,"4"
"3216","16","1","0","2","19.972","18","0","2","1","0","0","0","1.879",0.0,0.0,1.0,0.0,0.0,"4"
"3217","16","1","3","0","4.708","16","1","3","0","0","0","0","1.699",0.0,0.0,1.0,0.0,0.0,"4"
"3218","15","0","0","1","14.540","4","0","3","0","1","0","0","3.368",0.0,0.6666666666666666,0.0,0.3333333333333333,0.0,"1"
"3219","18","0","0","3","7.561","12","0","0","0","0","0","0","1.288",0.0,0.0,1.0,0.0,0.0,"4"
"3220","17","1","0","2","0.162","29","0","2","0","0","0","0","1.922",0.0,0.0,1.0,0.0,0.0,"4"
"3221","18","0","0","1","0.185","26","0","4","0","0","0","0","0.576",0.0,0.0,1.0,0.0,0.0,"4"
"3222","17","0","0","1","9.211","19","1","4","0","1","1","1","1.992",0.0,0.0,0.9821428571428571,0.017857142857142856,0.0,"4"
"3223","16","0","0","2","9.767","0","0","0","0","1","0","43931624402609","1.922",0.2,0.8,0.0,0.0,0.0,"1"
"3224","15","0","0","0","0.451","9","0","1","0","0","0","0","1.756",0.25,0.0,0.0,0.75,0.0,"3"
"3225","18","1","2","1","13.739","7","0","4","1","0","0","1","3.254",1.0,0.0,0.0,0.0,0.0,"2"
"3226","15","0","2","1","5.880","23","0","2","1","1","0","933875706255463","1.922",0.0,0.0,0.9814814814814815,0.018518518518518517,0.0,"4"
"3227","17","0","0","1","11.198","28","0","2","0","1","0","0","0.763",0.0,0.0,1.0,0.0,0.0,"4"
"3228","15","0","2","3","6.018","7","0","1","0","0","0","0","2.297",1.0,0.0,0.0,0.0,0.0,"2"
"3229","15","0","2","1","3.343","18","1","3","1","1","0","0","1.651",0.0,0.0,0.9166666666666666,0.08333333333333333,0.0,"4"
"3230","18","0","2","1","8.143","5","1","1","1","0","0","1","2.828",0.6,0.0,0.0,0.4,0.0,"2"
"3231","16","0","0","2","4.645","11","0","1","1","0","0","557722559036584","1.922",0.125,0.0,0.25,0.625,0.0,"3"
"3232","15","0","1","3","10.696","27","1","1","1","0","0","0","0.770",0.0,0.0,1.0,0.0,0.0,"4"
"3233","16","0","3","1","3.977","6","0","4","0","0","0","0","2.636",0.5,0.5,0.0,0.0,0.0,"2"
"3234","17","1","1","0","10.168","15","0","3","0","0","1","0","1.934",0.06666666666666667,0.0,0.9333333333333333,0.0,0.0,"4"
"3235","15","0","0","1","3.148","8","0","3","1","0","1","0","2.716",0.5,0.0,0.0,0.5,0.0,"2"
"3236","18","1","1","2","13.419","20","0","2","1","0","0","0","1.325",0.0,0.0,0.9642857142857143,0.03571428571428571,0.0,"4"
"3237","17","0","1","2","15.079","24","0","4","0","0","1","0","1.245",0.0,0.0,1.0,0.0,0.0,"4"
"3238","17","0","1","3","2.208","21","1","3","0","0","0","0","1.334",0.0,0.0,1.0,0.0,0.0,"4"
"3239","18","0","0","4","9.356","9","1","3","0","0","0","0","2.622",0.6,0.2,0.0,0.2,0.0,"2"
"3240","15","0","0","2","1.417","9","0","4","0","1","0","0","2.407",0.25,0.0,0.0,0.75,0.0,"3"
"3241","15","1","2","2","11.964","9","0","2","0","0","0","0","2.266",0.9,0.0,0.0,0.1,0.0,"2"
"3242","17","0","2","2","5.288","19","1","3","1","0","0","0","1.761",0.0,0.0,0.9821428571428571,0.017857142857142856,0.0,"4"
"3243","15","0","0","0","10.552","28","0","4","1","0","0","0","0.813",0.0,0.0,1.0,0.0,0.0,"4"
"3244","16","1","3","4","10.349","15","0","3","1","1","0","1","2.192",0.0,0.0,1.0,0.0,0.0,"4"
"3245","18","1","0","1","18.487","0","0","2","1","0","0","0","3.212",0.0,0.8,0.0,0.0,0.2,"1"
"3246","16","0","1","1","10.982","16","0","0","0","0","0","0","1.278",0.0,0.0,1.0,0.0,0.0,"4"
"3247","15","1","2","2","11.660","29","0","3","1","1","1","0","0.924",0.0,0.0,1.0,0.0,0.0,"4"
"3248","17","1","2","1","8.033","25","1","2","1","0","1","0","1.325",0.0,0.0,1.0,0.0,0.0,"4"
"3249","18","1","3","2","18.982","20","1","1","0","0","1","0","1.609",0.0,0.0,0.9642857142857143,0.03571428571428571,0.0,"4"
"3250","15","0","0","2","15.544","28","0","3","1","0","1","0","1.263",0.0,0.0,1.0,0.0,0.0,"4"
"3251","15","0","2","2","5.708","13","1","2","0","1","0","0","2.244",0.5,0.0,0.0,0.5,0.0,"2"
"3252","17","0","0","3","16.884","18","0","2","1","0","0","0","1.558",0.0,0.0,1.0,0.0,0.0,"4"
"3253","17","1","2","1","8.648","20","0","3","0","1","0","0","1.163",0.0,0.0,0.9642857142857143,0.03571428571428571,0.0,"4"
"3254","16","0","2","2","16.573","20","1","2","0","0","1","0","1.681",0.0,0.0,0.9642857142857143,0.03571428571428571,0.0,"4"
"3255","18","1","1","2","16.458","16","0","0","0","1","0","1","1.599",0.0,0.0,1.0,0.0,0.0,"4"
"3256","18","0","0","2","3.777","13","0","2","0","0","0","0","1.274",0.0,0.0,0.8,0.2,0.0,"4"
"3257","17","0","2","2","14.023","7","0","0","0","0","0","0","2.210",0.0,0.0,0.5,0.5,0.0,"4"
"3258","16","1","0","1","5.813","20","1","1","0","0","0","85719028530793","1.922",0.0,0.0,0.9642857142857143,0.03571428571428571,0.0,"4"
"3259","18","0","0","2","5.950","20","1","0","0","0","0","0","0.969",0.0,0.0,0.9642857142857143,0.03571428571428571,0.0,"4"
"3260","17","1","2","1","5.927","8","1","1","0","0","0","0","2.681",0.0,0.0,0.0,1.0,0.0,"3"
"3261","15","1","0","3","14.511","7","0","2","0","1","0","1","2.401",0.9,0.1,0.0,0.0,0.0,"2"
"3262","18","0","2","1","4.597","12","1","2","1","0","0","0","2.377",0.0,0.0,0.0,1.0,0.0,"3"
"3263","16","1","0","218116704921804512","16","0","4","1","0","1","0","1.948","1.922",0.0,1.0,0.0,0.0,0.0,"1"
"3264","16","0","0","0","14.305","18","1","2","1","0","0","0","1.780",0.0,0.0,1.0,0.0,0.0,"4"
"3265","16","0","2","1","3.424","27","0","3","1","0","0","0","0.558",0.0,0.0,1.0,0.0,0.0,"4"
"3266","15","1","1","289647906156693","6","0","2","0","1","1","0","2.795","1.922",0.0,0.5,0.0,0.0,0.5,"1"
"3267","18","0","0","3","4.750","16","0","3","0","0","0","0","1.515",0.0,0.0,1.0,0.0,0.0,"4"
"3268","18","1","2","2","7.598","0","1","3","0","0","0","40729612939948","1.922",0.0,0.0,0.0,0.0,1.0,"0"
"3269","15","0","1","3","9.518","4","1","2","1","0","0","0","3.208",0.0,0.8461538461538461,0.0,0.0,0.15384615384615385,"1"
"3270","18","0","1","2","0.891","24","0","1","1","0","0","0","0.621",0.0,0.0,1.0,0.0,0.0,"4"
"3271","15","0","0","2","19.411","5","0","2","0","0","0","1","2.800",0.0,1.0,0.0,0.0,0.0,"1"
"3272","15","0","2","1","14.321","25","1","3","0","0","0","0","1.302",0.0,0.0,1.0,0.0,0.0,"4"
"3273","15","0","2","3","6.464","1","0","2","1","1","0","0","3.482",0.2727272727272727,0.7272727272727273,0.0,0.0,0.0,"1"
"3274","16","1","2","1","6.374","26","1","3","0","1","0","0","1.252",0.0,0.0,1.0,0.0,0.0,"4"
"3275","18","1","0","3","8.971","24","1","1","0","1","0","0","1.170",0.0,0.0,1.0,0.0,0.0,"4"
"3276","15","1","2","3","12.525","15","0","0","1","1","0","0","2.285",0.0,0.0,0.0,1.0,0.0,"3"
"3277","18","1","1","3","2.927","21","0","2","0","0","0","21019253339771","1.922",0.0,0.0,1.0,0.0,0.0,"4"
"3278","16","1","1","2","3.779","4","0","3","1","0","0","1","2.897",0.0,0.6666666666666666,0.0,0.0,0.3333333333333333,"1"
"3279","15","1","0","2","17.189","4","0","2","0","1","0","0","3.276",0.0,0.6666666666666666,0.0,0.3333333333333333,0.0,"1"
"3280","17","0","2","2","5.125","11","0","3","1","1","0","0","2.430",0.0,0.0,0.0,1.0,0.0,"3"
"3281","16","0","2","1","7.604","2","1","1","1","0","1","0","3.228",0.0,1.0,0.0,0.0,0.0,"1"
"3282","17","1","0","2","17.425","29","0","2","0","0","0","0","0.215",0.0,0.0,1.0,0.0,0.0,"4"
"3283","18","1","0","0","13.263","15","0","3","1","0","0","24030375549312","1.922",0.0,0.0,0.5,0.5,0.0,"4"
"3284","18","0","2","2","6.834","5","0","3","1","0","0","3416743887847","1.922",1.0,0.0,0.0,0.0,0.0,"2"
"3285","16","0","0","1","13.674","14","0","1","1","0","0","0","1.700",0.0,0.0,1.0,0.0,0.0,"4"
"3286","18","0","3","1","0.394","14","1","2","0","1","1","1956481907808393","1.922",0.0,0.0,0.0,1.0,0.0,"3"
"3287","17","1","1","1","14.713","28","0","3","0","0","0","0","0.524",0.0,0.0,1.0,0.0,0.0,"4"
"3288","15","1","1","2","9.740","15","0","0","0","0","0","0","1.303",0.06666666666666667,0.0,0.9333333333333333,0.0,0.0,"4"
"3289","15","1","0","2","16.264","19","1","3","1","0","1","0","2.137",0.0,0.0,0.9821428571428571,0.017857142857142856,0.0,"4"
"3290","15","0","0","0","19.093","12","0","2","1","0","0","1","2.422",0.0,0.0,1.0,0.0,0.0,"4"
"3291","16","0","3","2","18.516","11","0","1","0","0","0","0","2.570",0.0,0.0,0.0,1.0,0.0,"3"
"3292","18","1","0","1","18.185","9","0","3","0","1","0","0","2.703",0.7142857142857143,0.0,0.0,0.2857142857142857,0.0,"2"
"3293","17","1","2","2","10.243","13","1","1","1","1","0","1","2.312",0.0,0.0,0.0,1.0,0.0,"3"
"3294","18","0","0","2","7.203","1","0","4","0","1","0","0","3.385",0.0,0.6666666666666666,0.0,0.0,0.3333333333333333,"1"
"3295","18","0","0","2","9.301","28","1","3","0","0","0","0","0.391",0.0,0.0,1.0,0.0,0.0,"4"
"3296","18","0","0","2","13.798","2","1","3","0","0","0","0","3.598",0.0,0.75,0.0,0.0,0.25,"1"
"3297","15","0","1","1","17.680","8","0","0","0","1","0","0","2.276",0.0,0.0,0.5,0.5,0.0,"4"
"3298","17","1","3","2","4.140","10","0","4","1","0","0","0","2.711",0.25,0.0,0.5,0.25,0.0,"4"
"3299","17","0","0","2","18.364","10","0","3","0","1","0","1","2.556",0.0,0.0,0.5,0.5,0.0,"4"
"3300","18","0","0","2","16.304","24","0","1","0","1","0","1277279661856267","1.922",0.0,0.0,1.0,0.0,0.0,"4"
"3301","15","0","0","2","19.577","21","1","2","1","0","0","956913654305778","1.922",0.0,0.0,1.0,0.0,0.0,"4"
"3302","15","1","1","0","17.605","9","0","1","0","0","0","0","2.381",0.3333333333333333,0.0,0.0,0.6666666666666666,0.0,"3"
"3303","17","1","0","2","5.599","25","0","4","0","0","0","0","0.662",0.0,0.0,1.0,0.0,0.0,"4"
"3304","15","0","2","2","2.119","13","1","3","1","0","0","0","1.997",0.0,0.0,0.25,0.75,0.0,"3"
"3305","15","0","1","1","2.245","8","0","4","1","0","0","0","2.140",0.5,0.5,0.0,0.0,0.0,"2"
"3306","15","0","1","0","5.824","19","0","3","0","1","0","0","1.361",0.0,0.0,0.9821428571428571,0.017857142857142856,0.0,"4"
"3307","16","1","0","0","12.284","26","0","2","0","1","0","0","0.496",0.0,0.0,1.0,0.0,0.0,"4"
"3308","18","1","3","3","16.086","20","0","1","0","0","1","0","1.288",0.0,0.0,0.9642857142857143,0.03571428571428571,0.0,"4"
"3309","17","1","0","2","17.985","9","1","1","1","0","0","1","2.665",0.6,0.2,0.0,0.2,0.0,"2"
"3310","17","0","0","1","12.475","21","0","1","0","0","0","0","0.955",0.0,0.0,1.0,0.0,0.0,"4"
"3311","16","1","1","1","0.113","28","0","2","0","0","0","0","1.922",0.0,0.0,1.0,0.0,0.0,"4"
"3312","18","0","1","2","3.726","8","0","4","0","0","0","1","2.317",0.5,0.5,0.0,0.0,0.0,"2"
"3313","17","0","0","3","1.995","28","0","4","1","0","0","1","0.674",0.0,0.0,1.0,0.0,0.0,"4"
"3314","15","0","0","0","7.266","4","0","1","0","0","0","0","2.537",0.5,0.0,0.0,0.5,0.0,"2"
"3315","17","1","2","1","10.027","7","0","3","0","0","1","0","2.343",0.0,0.3333333333333333,0.0,0.6666666666666666,0.0,"3"
"3316","15","0","0","3","0.868","10","1","2","0","0","0","0","2.240",0.38461538461538464,0.07692307692307693,0.0,0.5384615384615384,0.0,"3"
"3317","16","1","2","0","6.970","0","1","2","0","0","0","526409582889382","1.922",0.0,0.8,0.0,0.0,0.2,"1"
"3318","15","1","1","1","3.584","20","0","3","1","0","0","0","0.954",0.0,0.0,0.9642857142857143,0.03571428571428571,0.0,"4"
"3319","17","0","0","4","12.941","9","0","2","1","0","1","1","2.596",0.25,0.0,0.0,0.75,0.0,"3"
"3320","17","0","0","2","9.285","0","0","4","1","0","1","1","1.922",0.08333333333333333,0.08333333333333333,0.0,0.0,0.8333333333333334,"0"
"3321","17","1","0","1","9.906","25","0","3","1","1","0","823899503415932","1.922",0.0,0.0,1.0,0.0,0.0,"4"
"3322","16","0","2","0","8.554","29","0","3","0","1","0","0","0.528",0.0,0.0,1.0,0.0,0.0,"4"
"3323","16","1","1","0","19.120","21","0","1","1","0","0","0","1.463",0.0,0.0,1.0,0.0,0.0,"4"
"3324","18","0","0","1","4.295","6","0","1","0","0","0","6721725237717","1.922",0.6097560975609756,0.21951219512195122,0.0,0.17073170731707318,0.0,"2"
"3325","17","1","1","3","10.333","27","0","2","0","0","0","0","0.473",0.0,0.0,1.0,0.0,0.0,"4"
"3326","15","1","3","2","14.720","13","1","3","1","0","0","1","2.378",0.0,0.0,0.25,0.75,0.0,"3"
"3327","16","1","0","2","11.137","4","0","4","1","1","0","0","3.546",0.5,0.4166666666666667,0.0,0.0,0.08333333333333333,"2"
"3328","17","1","3","3","18.580","16","1","2","1","0","0","0","2.288",0.0,0.0,1.0,0.0,0.0,"4"
"3329","17","0","0","2","7.559","21","0","3","1","0","0","0","1.340",0.0,0.0,1.0,0.0,0.0,"4"
"3330","16","0","0","1","9.274","25","0","2","1","0","0","0","0.813",0.0,0.0,1.0,0.0,0.0,"4"
"3331","18","1","0","2","1.770","20","1","1","0","1","0","1","1.556",0.0,0.0,0.9642857142857143,0.03571428571428571,0.0,"4"
"3332","16","1","0","3","12.180","5","0","3","1","1","0","0","3.263",1.0,0.0,0.0,0.0,0.0,"2"
"3333","16","0","0","3","5.764","15","1","3","1","0","0","0","2.179",0.3333333333333333,0.0,0.0,0.6666666666666666,0.0,"3"
"3334","15","0","0","0","3.206","10","0","1","1","1","0","1","2.220",0.0,0.0,0.5,0.5,0.0,"4"
"3335","15","0","3","2","10.891","9","0","2","1","0","0","0","2.227",0.25,0.0,0.0,0.75,0.0,"3"
"3336","18","0","2","2","10.646","14","0","2","0","0","0","0","1.566",0.0,0.0,0.8571428571428571,0.14285714285714285,0.0,"4"
"3337","17","0","2","3","1.517","6","0","1","1","0","0","787778990811447","1.922",0.6097560975609756,0.21951219512195122,0.0,0.17073170731707318,0.0,"2"
"3338","16","0","0","1","13.964","22","1","4","0","0","1","0","1.562",0.0,0.0,1.0,0.0,0.0,"4"
"3339","18","1","0","2","12.475","1","1","2","1","0","1","0","3.573",0.0,1.0,0.0,0.0,0.0,"1"
"3340","15","0","0","3","3.780","11","1","1","0","1","0","73033167181521","1.922",0.125,0.0,0.25,0.625,0.0,"3"
"3341","16","0","2","2","9.389","18","0","1","0","1","0","0","1.289",0.0,0.0,0.9333333333333333,0.06666666666666667,0.0,"4"
"3342","17","1","3","2","14.406","11","0","4","0","0","0","0","2.547",0.5,0.0,0.0,0.5,0.0,"2"
"3343","15","0","0","0","10.589","15","0","3","0","0","0","137768574636005","1.922",0.0,0.0,0.6666666666666666,0.3333333333333333,0.0,"4"
"3344","15","0","0","1","7.910","5","0","3","0","0","0","0","2.916",0.3333333333333333,0.3333333333333333,0.0,0.3333333333333333,0.0,"2"
"3345","15","0","1","1","6.447","2","1","0","0","0","0","1","2.799",0.5,0.5,0.0,0.0,0.0,"2"
"3346","18","0","0","3","12.208","1","0","3","0","1","0","0","3.250",0.0,0.8888888888888888,0.0,0.0,0.1111111111111111,"1"
"3347","17","0","0","1","18.782","19","0","2","0","0","1","0","1.823",0.0,0.0,0.9821428571428571,0.017857142857142856,0.0,"4"
"3348","16","1","1","2","13.435","4","0","3","0","0","1","0","2.993",1.0,0.0,0.0,0.0,0.0,"2"
"3349","18","0","2","2","1.495","10","1","4","0","0","1","0","2.632",0.38461538461538464,0.07692307692307693,0.0,0.5384615384615384,0.0,"3"
"3350","18","1","0","1","9.214","25","1","1","1","0","0","0","0.933",0.0,0.0,1.0,0.0,0.0,"4"
"3351","18","1","0","2","17.816","24","0","2","0","0","1","0","0.872",0.0,0.0,1.0,0.0,0.0,"4"
"3352","15","0","3","2","1.889","2","0","0","0","1","0","0","2.452",0.75,0.25,0.0,0.0,0.0,"2"
"3353","17","1","0","3","19.778","2","0","2","0","1","0","1","3.496",0.75,0.25,0.0,0.0,0.0,"2"
"3354","18","0","0","2","18.981","21","0","1","0","0","0","888824821778937","1.922",0.0,0.0,1.0,0.0,0.0,"4"
"3355","16","1","0","2","1.565","4","1","4","1","1","0","0","3.979",0.0,0.8461538461538461,0.0,0.0,0.15384615384615385,"1"
"3356","17","1","0","1","18.668","21","0","2","0","1","1","0","1.521",0.0,0.0,1.0,0.0,0.0,"4"
"3357","16","0","0","3","7.263","22","0","3","0","0","0","0","0.766",0.0,0.0,1.0,0.0,0.0,"4"
"3358","17","0","2","1","16.894","10","0","3","0","0","0","1","2.471",0.0,0.0,0.0,1.0,0.0,"3"
"3359","16","0","0","2","8.368","2","0","4","1","0","0","0","3.287",0.46153846153846156,0.23076923076923078,0.0,0.07692307692307693,0.23076923076923078,"2"
"3360","15","0","0","1","8.817","12","1","2","1","0","1","0","2.121",0.0,0.0,0.0,1.0,0.0,"3"
"3361","18","0","1","3","12.685","20","0","2","0","0","0","0","1.348",0.0,0.0,0.9642857142857143,0.03571428571428571,0.0,"4"
"3362","16","1","1","2","15.490","7","0","0","0","0","0","0","2.463",1.0,0.0,0.0,0.0,0.0,"2"
"3363","17","1","2","2","0.676","19","1","0","0","0","0","410289006678957","1.922",0.0,0.0,0.9821428571428571,0.017857142857142856,0.0,"4"
"3364","18","1","2","1","11.863","9","0","3","1","0","0","0","2.670",0.7142857142857143,0.0,0.0,0.2857142857142857,0.0,"2"
"3365","18","1","0","2","3.735","1","1","0","0","0","0","0","2.735",0.3333333333333333,0.6666666666666666,0.0,0.0,0.0,"1"
"3366","17","1","2","2","6.919","3","0","2","0","0","0","0","2.742",0.5,0.0,0.0,0.5,0.0,"2"
"3367","16","1","0","2","6.959","17","0","0","0","0","0","0","0.984",0.0,0.0,1.0,0.0,0.0,"4"
"3368","15","1","3","1","9.381","18","0","3","0","0","1","0","1.455",0.0,0.0,0.9166666666666666,0.08333333333333333,0.0,"4"
"3369","15","0","0","4","6.683","3","0","2","0","0","1","1","3.159",0.16666666666666666,0.5,0.0,0.16666666666666666,0.16666666666666666,"1"
"3370","16","0","3","3","2.147","19","0","1","0","0","0","1674108498772592","1.922",0.0,0.0,0.9821428571428571,0.017857142857142856,0.0,"4"
"3371","18","1","2","1","2.913","25","0","1","0","1","0","1","0.569",0.0,0.0,1.0,0.0,0.0,"4"
"3372","18","1","0","3","0.669","8","0","2","0","0","0","1","1.935",0.25,0.0,0.0,0.75,0.0,"3"
"3373","18","0","1","2","9.405","15","0","3","0","0","0","0","1.849",0.0,0.0,1.0,0.0,0.0,"4"
"3374","18","0","3","2","19.089","25","0","2","0","0","0","0","0.825",0.0,0.0,1.0,0.0,0.0,"4"
"3375","16","0","2","1","2.314","5","1","3","1","0","0","0","2.914",1.0,0.0,0.0,0.0,0.0,"2"
"3376","18","0","0","2","18.925","24","0","1","1","0","1","1","1.165",0.0,0.0,1.0,0.0,0.0,"4"
"3377","17","1","2","2","14.667","3","0","0","1","0","0","0","2.928",0.5,0.0,0.0,0.5,0.0,"2"
"3378","18","0","0","2","12.750","8","1","0","1","1","0","0","2.652",0.0,0.0,0.5,0.5,0.0,"4"
"3379","15","1","0","2","12.906","26","0","2","0","0","1","1","0.709",0.0,0.0,1.0,0.0,0.0,"4"
"3380","18","1","0","2","16.535","12","0","3","0","0","0","0","2.509",0.14285714285714285,0.0,0.2857142857142857,0.5714285714285714,0.0,"3"
"3381","16","1","0","2","2.138","8","0","1","1","1","0","0","1.979",0.6666666666666666,0.0,0.0,0.3333333333333333,0.0,"2"
"3382","15","0","2","0","10.095","5","0","3","0","0","0","0","2.956",1.0,0.0,0.0,0.0,0.0,"2"
"3383","16","0","0","3","13.942","20","0","2","0","0","0","0","1.192",0.0,0.0,0.9642857142857143,0.03571428571428571,0.0,"4"
"3384","16","1","2","2","11.736","18","1","4","0","0","0","0","1.810",0.0,0.0,0.5714285714285714,0.42857142857142855,0.0,"4"
"3385","15","1","0","1","16.656","13","1","3","0","1","0","0","2.539",0.5,0.0,0.0,0.5,0.0,"2"
"3386","16","1","0","1","1.445","20","0","3","1","1","0","0","1.396",0.0,0.0,0.9642857142857143,0.03571428571428571,0.0,"4"
"3387","16","0","0","2","13.814","14","0","2","0","0","0","840111419236","1.922",0.0,0.0,0.8571428571428571,0.14285714285714285,0.0,"4"
"3388","18","1","0","3","10.681","2","0","4","1","0","0","0","3.456",0.46153846153846156,0.23076923076923078,0.0,0.07692307692307693,0.23076923076923078,"2"
"3389","17","0","0","1","7.583","4","1","4","0","1","0","0","3.279",0.0,0.8461538461538461,0.0,0.0,0.15384615384615385,"1"
"3390","16","1","0","2","6.805","20","0","2","0","0","0","1","1.142",0.0,0.0,0.9642857142857143,0.03571428571428571,0.0,"4"
"3391","16","1","1","0","12.417","17","0","2","0","1","1","0","1.803",0.0,0.0,1.0,0.0,0.0,"4"
"3392","16","1","0","2","17.820","13","0","2","0","0","0","1","2.140",0.0,0.0,0.8,0.2,0.0,"4"
