StudentID,Age,Gender,Ethnicity,ParentalEducation,StudyTimeWeekly,Absences,Tutoring,ParentalSupport,Extracurricular,Sports,Music,Volunteering,GPA
2460,17,0,0,2,16.179554992274173,29,0,2,0,0,0,0,0.5885556231650223
2461,15,0,1,2,16.007283769106905,29,1,0,0,1,1,0,0.6819561389075344
2462,15,0,3,2,9.14047904385251,5,1,3,0,0,0,0,2.81858182437894
2463,15,1,1,1,12.13024450646438,25,0,3,0,0,1,0,0.7446928333756786
2464,17,0,0,2,12.085190319738503,29,0,4,1,0,0,1,0.7251929462817994
2465,17,1,0,2,16.543162968552465,8,1,1,1,0,0,0,2.9268204402631444
2466,16,0,1,0,8.50004828246395,29,0,2,1,1,0,0,0.5522575734248654
2467,16,1,0,2,5.5089335958101815,24,0,3,1,1,0,0,1.298729106820987
2468,16,0,2,1,5.30069836281095,25,0,3,1,1,0,1,1.1867378284984922
2469,18,1,2,1,10.723845585644083,3,0,3,0,1,0,1,3.3327885878934707
2470,15,1,1,0,8.98296405464425,16,0,1,0,0,0,0,1.4890670205298442
2471,15,0,0,2,8.802415419698724,1,1,1,1,0,1,0,3.3073781135531597
2472,16,1,0,2,1.8227467817941445,15,1,1,0,0,0,0,1.6109406825598966
2473,15,1,0,2,14.372074813803913,23,0,4,1,1,0,057378500596372
2474,16,1,0,2,4.274733759638214,13,0,1,0,0,0,0,1.673711404485327
2475,18,1,0,3,3.9390726041744273,25,0,2,0,0,1,0,0.49063006217490823
2476,18,1,1,1,8.255166405547868,7,0,2,0,0,0,1,2.2316569717750228
2477,17,1,1,1,4.555566832356028,13,1,2,1,0,1,0,2.259451153743707
2478,18,1,0,3,11.677165346160308,1,1,2,0,0,0,0,3.454462459935305
2479,16,1,0,1,7.42926678668943,15,1,3,1,0,0,0,2.158610170146598
2480,18,0,0,4,8.978234451855801,3,0,2,0,1,0,0,2.747908442514612
2481,17,0,0,3,10.743386432080577,0,0,1,1,0,0,1,3.3239029603291117
2482,15,1,2,270710449636097,22,0,2,0,0,0,0,0.9097635331410971
2483,16,1,0,4,3.115032457310596,19,0,3,0,1,0,0,1.1678958000789352
2484,15,0,0,0,17.608438057472096,26,0,4,0,0,0,0,1.2204179764419896
2485,17,0,0,1,8.674474056628421,13,1,3,0,0,1,0,2.3345256438757365
2486,17,0,2,2,8.241872192650783,7,1,3,0,0,0,0,2.8447322620424904
2487,17,1,1,1,0.7122430054568296,24,1,2,1,0,0,0,0.9722477384320642
2488,15,0,0,3,9.959526051747865,27,1,3,0,0,0,1,0.8563970426697209
2489,15,1,1,0,11.083394432220002,24,0,4,0,0,0,0,0.9526750330525334
2490,15,1,2,2,11.17681741909333,2,0,2,0,1,0,0,3.235302580709104
2491,15,0,3,2,14.140623386457687,4,0,0,0,0,0,0,2.533432395797906
2492,17,1,0,2,3.5496366998202356,5,0,4,0,0,0,0,2.772388536783242
2493,17,1,2,1,5.044462684612377,21,0,3,0,0,0,0,0.9467679046532856
2494,16,1,3,1,16.214609304608253,25,1,2,0,1,0,0,1.3154643711031746
2495,16,1,3,3,18.94341233686788,7,0,4,0,1,1,0,3.31820802902305
2496,15,0,1,1,2.7186549473464128,5,0,2,0,0,1,0,2.3311089198970865
2497,18,0,1,3,9.952991090104364,5,0,2,1,0,0,0,2.905973097807374
2498,18,1,0,2,4.2835250547917365,3,0,3,0,1,1,0,3.344575197988929
2499,17,1,2,2,1.2014633670996488,6,0,1,0,0,0,0,2.1681789248414423
2500,17,0,1,2,6.510066762522708,29,0,3,0,0,0,1,0.21119422279190408
2501,17,1,1,1,2.873752503684255,29,0,1,0,0,0,0
2502,16,0,0,2,14.198661468684925,23,1,1,0,0,0,0,0.8939860125136853
2503,16,1,2,3,10.674508273428888,18,0,2,1,0,1,0,1.8307932453900513
2504,17,1,2,2,2.8766894198062176,6,0,2,0,0,0,0,2.4651174139719014
2505,17,0,0,4,0.18483176811028734,2,0,1,1,0,0,0,2.6505223435766907
2506,17,0,2,2,16.163140980484254,7,1,4,0,0,0,0,3.161961511352394
2507,18,0,1,1,3.5238881232849506,0,0,2,1,0,0,0,2.905702974207415
2508,16,0,2,1,12.12433284441532,0,1,1,1,0,1,0,3.7326847011603697
2509,18,1,0,4,6.738438261534911,13,1,2,0,1,0,0,2.109686328016939
2510,18,0,0,1,11.709718766300712,5,1,3,0,0,0,0,2.546634577748015
2511,17,1,3,3,6.31307253964648,9,0,2,0,0,0,1,2.1156039687255843
2512,17,0,0,3,1.7387912138450834,24,0,1,1,0,0,0,0.48378939043230657
2513,15,0,2,1,4.459000171155072,27,0,1,0,0,0,0
2514,15,1,0,0,3.761171329581512,13,0,2,0,0,0,0,1.811155480929165
2515,18,0,1,2,8.560387048792876,3,0,2,0,0,0,1,2.6741625507699083
2516,16,0,0,1,13.165675668523146,5,1,3,0,0,1,0,3.102745561433283
2517,17,0,1,2,5.276121498927151,15,1,4,1,0,0,0,2.432896398351312
2518,17,0,0,2,0.24139870601235902,27,0,1,1,1,1,0,0.591872335776283
2519,18,1,0,2,10.378747285295137,20,0,3,0,1,1,1,1.4197989848171118
2520,15,1,0,2,12.11518978717944,27,1,4,0,1,1,0,1.3649825214589588
2521,16,0,0,1,19.257409880036192,0,0,4,0,0,0,0,3.524855822624972
2522,15,0,3,2,11.789416061864937,5,0,4,1,0,1,0562181766199736
2523,15,0,3,1,9.423451187562836,8,0,3,1,1,0,0,2.5706824923097633
2524,15,1,0,1,11.468032517954077,14,1,2,0,0,0,1,2.134832886078039
2525,15,1,2,2,18.55801259724054,11,0,2,0,1,0,1,2.3019321078440553
2526,17,1,0,3,16.567562912032926,2,1,2,1,0,0,0,3.354368116289429
2527,17,1,1,1,6.45957466727616,10,0,3,0,0,1,0,2.252575524405779
2528,15,0,2,2,4.745087273142746,14,0,2,0,0,0,059778342061027
2529,16,0,3,2,5.252672247321472,2,0,1,0,0,0,0,2.705024407226965
2530,18,0,0,1,10.08842079430426,13,0,1,0,0,0,0,1.8208437343058654
2531,16,1,2,1,14.880989024571555,1,0,3,0,0,1,0,3.2609504905530393
2532,16,0,0,3,10.064384143659241,28,0,3,1,0,0,0,0.741527556169066
2533,16,1,3,2,1.3559279165622518,3,1,2,0,0,1,1,2.9437501978177756
2534,15,1,0,2,14.471614008799618,25,0,1,0,0,0,0,0.44748285636055496
2535,17,0,1,2,16.119402573419077,18,1,3,0,0,0,0,1.844059263528674
2536,16,0,1,0,5.789957302394393,11,1,0,1,0,0,0,1.899197563198893
2537,15,0,1,2,13.282514785667008,1,1,2,0,0,0,0,3.3788457271666
2538,16,1,0,2,8.531838021087868,16,1,2,0,0,0,1,1.6666400977901679
2539,16,1,3,2,17.782387114548857,2,0,4,0,0,0,0,3.309453585183811
2540,15,0,0,1,16.904511163214796,9,0,2,1,1,0,0,2.7618237513851387
2541,17,0,1,0,10.508639966192845,15,1,2,0,0,0,1425379785048077
2542,17,1,0,1,13.83011091627189,21,1,3,0,1,0,0,1.4874769372990635
2543,18,0,0,4,17.66699402044208,8,1,2,0,1,0,1,2.8739722821184617
2544,15,1,1,2,9.91434020156551,10,0,1,0,0,0,0159494650624468
2545,18,1,0,2,6.265014809776439,20,0,2,1,0,0,07029676373108
2546,18,0,0,0,15.073322758191626,14,0,4,1,0,0,0,2.605399264020907
2547,18,0,0,0,4.401325095693835,2,1,2,0,0,1,1,3.3633891187265865
2548,17,0,0,2,7.770622960120841,15,0,3,0,1,0,0,2.12509059499954
2549,15,0,2,2,17.314544742135872,29,0,4,0,1,0,0506689803906935
2550,18,1,2,2,14.488446805386301,20,0,3,0,0,0,1,1.580050523836055
2551,15,1,0,1,8.076220104949986,20,0,3,1,0,0,0,1.3970629516250068
2552,15,1,0,2,4.294890048167148,20,0,3,0,1,0,0,1.1657871621526066
2553,17,0,0,1,7.119367816644731,27,1,4,0,1,0,0,0.9620724862919865
2554,18,1,0,1,5.68208298454866,11,1,4,1,0,0,0,2.310235179366311
2555,18,0,1,2,3.5217857588770785,22,0,4,0,0,0,0,0.9357793408847955
2556,15,0,1,1,14.866658271313133,4,0,3,0,0,0,1,2.9380028297730134
2557,16,0,0,1,5.041397737003431,6,1,2,1,0,0,1,2.7671513375162338
2558,17,0,0,2,9.083349403355276,8,0,1,1,1,0,0269833109614934
2559,17,0,0,2,7.717188936722181,20,1,2,1,1,0,0,1.5364194793970163
2560,17,0,2,3,19.641547572712618,17,0,4,1,1,1,0,2.495379496847872
2561,17,1,3,2,7.8218448829644105,20,0,3,0,0,0,0,1.6155716602528696
2562,18,0,0,0,1.599649655935096,7,0,2,0,1,0,0,2.2103713279948844
2563,18,1,0,1,1.7965150514416806,11,1,2,0,0,0,1,1.7980154436118352
2564,16,1,2,4,11.815074427061296,19,0,2,1,0,1,0,1.5662885180613493
2565,17,0,3,2,11.987271034765312,1,0,2,0,0,0,0,2.9213867570696292
2566,17,0,0,2,8.3751798096531,9,0,3,0,0,0,0,2.519724822511747
2567,15,0,0,0,8.636873846240594,18,0,2,1,0,0,0,1.4892073187626624
2568,18,1,0,2786516568174243,8,0,1,0,0,0,0,1.6636371244012207
2569,17,0,1,0,10.330930207785245,24,0,2,0,0,0,0,0.7737842057946157
2570,16,1,0,2,10.094789507607034,23,0,1,0,1,0,0,0.8916240459711724
2571,16,0,0,3,2.9909863711388907,7,0,4,0,0,0,0,2.215087048853621
2572,18,0,1,4767877222185516,23,0,2,0,0,0,0,0.6515150205017294
2573,16,1,0,2,2.47144981198981,23,0,4,0,0,0,0,0.9740174167472984
2574,16,1,2,2205649298251704,23,0,1,0,1,0,0,0.34139354199135236
2575,18,0,0,3,12.194163910735195,0,0,1,0,0,0,0,2.773483878750202
2576,17,1,0,2,3.9296530480583725,5,0,3,0,0,0,0,2.4978773036357613
2577,17,1,1,0,5.0286030437492695,11,0,3,0,1,0,1764437464311585
2578,16,1,0,2,3.4714428830287947,24,0,2,0,0,1,0,0.7734276360335333
2579,16,1,3,1,19.15670608897006,23,0,1,0,0,1,0,0.9881530769380218
2580,17,1,1,2,17.09234926303671,18,0,0,0,1,0,0,1.3775728397779787
2581,18,0,0,2,4.609896747030417,26,0,3,1,0,0,0,0.47659774049180814
2582,16,0,2,2,6.55132587844252,16,0,1,1,1,0,0,1.8362421367971538
2583,15,1,0,1,4.197856846099944,1,1,2,0,0,0,0,2.9240321151586275
2584,18,0,3,1,9.837519189216476,10,1,3,0,0,0,1,2.2887682028383933
2585,16,0,0,2,0.3922106494850719,17,0,0,0,0,0,0,0.8221078891229036
2586,16,1,1,3,13.427360177935913,22,0,1,1,1,0,0,1.46754910281344
2587,15,0,0,2,10.463162996352832,27,1,0,1,0,0,0,0.654489820899693
2588,15,1,0,1,17.972778566022065,21,1,4,0,0,1,0,1.8262650784023138
2589,17,1,2,3,3.287853686568283,10,0,2,1,0,1,0,2.167614891739184
2590,18,0,2,3,16.082184921222634,17,0,4,1,0,0,0,1.8125810860736853
2591,18,1,0,1,15.839220289334314,7,0,1,0,1,0,0101355275332473
2592,17,1,0,0,2.5436237843377385,14,0,3,0,1,0,0,2.1366532091173225
2593,18,1,2,2,7.971184482882552,8,0,1,0,0,1,0,2.2968145205845465
2594,18,1,3,3,3.403052822890338,14,0,2,0,0,0,0,1.4996666752012844
2595,18,1,0,4,5.0944100091509785,6,1,3,0,0,0,0,2.527606693940515
2596,18,0,0,3,5.264923496610887,19,0,3,1,0,0,0,1.378777261955536
2597,18,0,0,2,11.124727880515454,12,0,3,0,1,0,0,2.4619770683944515
2598,15,1,2,2,8.22821863520931,12,0,3,0,0,0,1,2.142708088226998
2599,18,1,0,0,18.954656080126107,0,0,1,1,0,1,0,3.4785197150728098
2600,15,0,0,1,2.5274028389401026,19,0,2,0,0,0,0,1.1359698905964322
2601,18,1,2,2,19.473842697003974,3,0,2,0,0,0,0,3.3156324327155575
2602,17,0,0,2,4.612772804285279,23,0,3,0,0,1,0,0.9452990404344147
2603,16,1,0,2,15.457478727637062,3,0,1,0,1,1,0,3.360097709606442
2604,15,1,0,2,6.779398523456428,3,1,4,0,0,0,0,3.5834476051437596
2605,18,1,0,1,2.861627908346278,12,0,2,1,0,0,1,2.268905391743987
2606,17,1,0,2,17.1577837049248,1,0,3,0,0,1,1,3.3946498667267635
2607,16,1,1,0,6.177217984729264,27,0,1,0,1,0,0,0.4239919484053893
2608,15,1,0,2,13.177108084536844,25,0,2,0,0,0,0,0.8359897662567951
2609,16,1,1,2,11.328873701732531,22,0,3,1,0,0,0,1.2860837347449834
2610,17,0,2,2,9.435126187817486,14,0,2,1,0,0,0,2.131780853915055
2611,15,0,2,4,9.916389452970781,3,0,4,1,0,0,0,3.308664019789773
2612,16,0,0,1,14.644758281845752,26,0,3,0,1,0,0,0.9587762981739751
2613,18,1,0,2,1.7554582824688114,5,1,2,1,0,0,0,2.539771016481107
2614,15,1,0,1,13.363613239158102,2,0,3,1,0,0,012897486759207
2615,16,1,0,2,17.916242027971574,6,0,3,1,0,1,0,3.167455277075199
2616,17,1,0,3,1.155763940397283,5,0,3,0,0,0,1,1.9045159017519453
2617,17,1,1,2,2.813066784673335,2,1,1,0,0,0,033291953501386
2618,15,1,0,3,14.332638734040628,3,0,2,0,1,1,0,3.4577117259752934
2619,16,1,0,1,8.745632964892351,9,0,3,0,0,0,0,2.4503354431504625
2620,15,0,0,3,8.070972416273767,29,1,3,1,1,0,0,1.164702428020536
2621,15,1,1,0,2.739332690884717,20,0,2,0,0,0,0,0.8270829163865822
2622,16,0,0,3,10.135400814355762,8,0,1,0,1,0,0,2.3983144793001743
2623,16,0,1,1,2.530906223927545,29,0,2,0,0,0,0
2624,18,1,0,1,9.532409126210808,5,1,0,0,0,0,0,2.7577979305655766
2625,16,1,2,2,15.272305979233135,28,1,3,0,0,0,0,0.3478369759058787
2626,17,0,2,3,5.16528715774327,19,1,3,0,0,0,0,1.6767274368353313
2627,15,0,0,0,9.615723363594546,26,1,2,1,0,0,0,0.5742779997538898
2628,15,1,0,1,19.840319387936713,10,1,3,0,1,1,1,3.103994380105366
2629,17,1,0,3,13.733008467080746,6,0,2,1,1,0,0,2.8020738343659453
2630,16,0,0,1,16.827135426103972,17,1,3,0,0,1,0,2.1275892967469687
2631,17,1,1,1,8.296952131210915,3,0,1,1,0,0,0,2.688349836315715
2632,17,1,2,2,15.357218462517107,4,0,2,0,0,0,0,2.7837652099236254
2633,18,1,1,1,0.8101834588264367,3,0,3,0,1,1,0,3.133768038538137
2634,17,0,2,3,2.4582236508448996,3,0,1,0,0,1,0,2.618699894953416
2635,15,0,0,261411858401243,26,1,2,0,0,0,0,0.7716774917459892
2636,17,0,0,2,8.03903849230439,12,0,2,0,1,1,0,2.2748420474669953
2637,15,1,2,4,16.914897566515265,15,0,1,1,0,0,0,1.53961940600191
2638,15,1,0,2,6.92532101575861,24,0,1,0,1,0,1,1.128068364082897
2639,15,0,1,0,13.092423870309258,13,1,1,0,0,0,0,1.5956273665141478
2640,16,0,0,1,14.186285896069668,10,0,4,1,1,1,0,3.138498873000767
2641,18,0,0,2,11.723647081766828,28,0,3,0,0,1,1,0.7988865726422566
2642,15,1,3,1,7.144839363402724,1,0,2,0,0,0,0,2.9728834414945147
2643,15,0,0,3,11.541066834270886,21,0,3,1,1,0,1,1.556218796080208
2644,16,0,3,2,6.845311855794924,13,0,0,0,0,1,0,1.8526717410372364
2645,15,1,3,1,1.6774747710402416,23,0,2,1,0,0,0,0.9749683449255788
2646,17,1,2,2,19.85607956372029,23,1,1,1,0,0,0,1.391431871322012
2647,17,1,1,2,2.543649072650218,26,0,1,1,0,0,0,0.23649722217489066
2648,18,0,1,3,1.446967676721147,6,0,3,1,1,0,0,2.629933233823926
2649,15,1,2,3,17.57061498414312,25,0,1,0,0,0,1,0.5296032590122841
2650,16,1,0,2,6.036693217857902,10,0,3,0,1,0,1,2.3191191467631675
2651,17,0,0,2,13.005939481470152,3,0,2,1,0,0,0,2.759021764954944
2652,16,1,1,2,6.580114593244657,6,0,0,0,0,0,09606565162715
2653,16,0,0,2,7.829085415889423,28,0,3,0,1,0,0,0.745518983001618
2654,17,0,0,1,5.24225944033593,15,1,2,1,0,0,0,1.7946671055341392
2655,16,1,0,1,6.860880115860204,25,0,2,0,1,0,0,0.7012637128402552
2656,17,1,1,2,8.214008011730861,5,0,1,0,0,0,0,2.4579014070477796
2657,16,1,2,1,14.408321381846857,26,0,0,0,0,0,0,0.4291372796949342
2658,17,1,0,0,10.230723884695836,5,0,4,0,0,1,0168978681026624
2659,15,1,3,2,18.87130434313954,1,0,2,0,0,0,0,3.6182727121672262
2660,18,1,1,0,0.8376078767755102,23,0,0,1,0,0,0,0.42581376099321444
2661,17,0,2,2,10.061366452640563,7,1,3,1,0,0,0,2.735960967147571
2662,17,0,1,2,11.684495776634362,29,0,1,1,0,0,1,0.22343050893656458
2663,18,1,2,4,18.40393972148548,26,0,1,0,0,1,0117467565808473
2664,17,0,0,2,0.9831704724285517,6,1,1,0,0,0,0,2.573440474302304
2665,17,1,2,0,11.46999169870432,26,0,2,0,0,0,1,0.20014552736903563
2666,16,0,0,2,17.07259857055914,24,1,0,0,0,0,0,0.8026478062416247
2667,18,0,2,3,4.838554562384731,23,0,2,0,0,0,1,0.539645751276114
2668,15,0,3,4,17.52584697047875,13,0,3,0,0,1,0,2.481595433779514
2669,17,1,0,2,0.38086818548583645,8,0,1,0,0,0,1,1.6338115616970532
2670,18,0,0,1,14.649092582674594,14,1,2,0,0,0,0,2.401469995162927
2671,16,1,2,3,18.66226442337306,24,1,2,1,0,1,0,1.2658914451513914
2672,15,0,0,1,13.143953232801245,21,0,2,0,1,0,0,1.2662863438742906
2673,18,0,2,2,8.78058487960896,17,0,4,1,0,0,0,1.6224646303185568
2674,15,0,0,2,0.8976203294543605,11,0,2,0,0,0,0,1.8582963066751943
2675,15,0,0,0,18.402276266452574,22,0,0,0,1,0,0,0.6404398092314469
2676,15,0,3,1,9.405924453831496,18,0,2,0,0,1,0,1.3978971899557187
2677,17,1,1,1,0.5799348867189602,12,0,1,0,0,0,0,1.4291805817178274
2678,17,1,2,2,13.796421426575238,6,0,3,0,1,1,0,2.9346921024221513
2679,16,0,0,3,9.636745071525164,24,0,0,0,0,0,0,0.632826221112053
2680,16,0,1,1,2.4869063488482146,9,0,1,1,1,0,1,2.5653473181422046
2681,18,0,1,3,4.2854361862051915,29,1,2,0,1,0,0,0.3979893966925436
2682,16,0,1,0,1.2898136091169254,9,1,1,0,0,0,0645643026074056
2683,15,1,1,2,11.485870794171472,1,0,2,0,1,0,0,3.121119482369849
2684,15,0,1,0,12.440589585040184,13,1,1,0,1,0,0,1.920609662813219
2685,17,1,0,3,10.114845967108888,12,0,4,1,0,1,0,2.3299096451911727
2686,15,0,0,2,16.3420426600523,21,1,1,0,1,0,0,1.2720101075733883
2687,18,1,2,2,17.220176426160272,28,0,4,0,0,0,0664246227596101
2688,15,0,0,3,12.312487933662533,5,0,2,0,0,1,0,2.905384065736881
2689,15,0,1,2,0.2551295941486109,8,1,3,1,0,1,1,2.5670318028330574
2690,18,1,0,4,13.904593114954713,12,0,1,0,0,0,1,1.6943843846574218
2691,16,0,1,2,8.359984338407031,8,1,3,1,0,1,0,2.801388938876275
2692,16,0,2,3,11.31114966452774,12,1,2,0,0,0,1,1.813628891214413
2693,18,0,0,2,12.981612040377687,4,1,2,1,0,0,0,3.3432781941994127
2694,17,1,0,1,7.004732286541535,13,0,3,1,0,1,0,2.184691612286099
2695,15,0,0,2,18.341970103435884,4,0,2,1,0,0,0,3.4922119973943024
2696,18,0,1,1,2.679497334995624,8,0,2,0,0,1,0,1.8136795536240538
2697,15,1,2,2,13.430236145620748,7,1,0,0,0,1,1,2.7725493723030685
2698,17,1,0,28719159913160857,6,0,1,0,1,0,0,2.4400060965135784
2699,15,1,2,2,18.493022108103617,7,0,2,0,0,0,0,2.8684641563014504
2700,18,0,0,0,2.25008266476183,21,0,0,0,0,0,0,0.5166315139842032
2701,15,0,0,1,1.8976846029514927,2,0,1,1,0,0,0,2.8914784699994827
2702,16,0,3,2,6.660152661044885,22,0,1,0,0,0,0,0.7109569819873364
2703,17,1,0,4,7.471325720781612,23,0,1,0,0,0,0,0.4244328946229094
2704,17,0,0,1,4.286001446457572,14,1,2,1,1,1,0,2.248337588471201
2705,17,0,0,2,11.702433218542494,7,0,2,0,1,1,0,2.7154909355151484
2706,18,1,0,2,8.858281960839271,0,1,4,1,0,0,0
2707,17,1,0,2,0.6835117808217483,6,0,2,1,0,0,0,2.676389709344022
2708,16,1,0,1,6.393041245106012,18,0,4,1,0,0,0,1.8547004421395892
2709,18,1,1,2,16.20865827146341,1,0,3,1,0,0,0,3.5485205508668662
2710,16,1,0,1,13.794030697237371,13,0,4,0,0,1,1,1.9523336493468064
2711,15,0,1,4,14.49741707159761,17,0,3,0,0,0,0,1.8496433884510397
2712,15,1,0,1,13.962338481670471,29,1,3,0,0,0,0,0.8752010880422385
2713,15,0,0,1,6.219460427660666,14,0,2,0,0,1,0,1.7935557295101183
2714,15,0,1,0,1.9932784415355176,13,0,1,0,1,1,0,1.8556669117535303
2715,16,1,3,1,5.44934368066192,23,0,1,1,0,0,0,0.5511396527389846
2716,18,1,0,2,16.635706003703184,24,1,4,0,1,0,0,1.580398635704129
2717,18,1,2,1,19.609415955661422,18,0,4,0,0,1,1,1.8741577780119303
2718,17,0,1,0,9.876940294831227,29,0,3,1,0,0,1,0.5152393995715008
2719,16,1,1,2,0.1940070984608444,18,0,3,0,0,0,0,1.331229485851261
2720,15,1,1,0,2.8008962426845807,21,1,4,0,1,0,1,1.6217727360896141
2721,16,1,0,0,6.441611506325316,26,0,2,0,1,0,1,0.384375395876116
2722,17,1,0,3,11.571706971858994,25,0,3,1,0,0,0,1.3635615499322744
2723,17,1,1,2,1.5018729161062794,16,0,2,1,0,0,0,1.479668777301296
2724,16,0,0,3,18.867145974197634,21,1,2,1,0,0,0,1.5812038761627714
2725,16,0,3,3,7.3016734656880145,27,0,0,0,0,0,0
2726,16,0,0,2,18.251684358496462,18,1,2,1,0,0,0,1.886578592822845
2727,18,1,0,0,15.610436055140436,26,0,3,0,0,0,0,0.863545351686935
2728,15,1,2,2,15.108745450311623,15,0,2,0,0,0,0,1.4887052948653967
2729,16,1,0,3,12.13439159564464,19,0,3,0,0,0,1,1.4729004934270762
2730,16,0,1,2,12.535676341036892,24,1,2,0,0,1,0,1.3440857175872982
2731,16,1,1,2,12.760064704324963,18,0,1,0,0,0,0,1.364736910668082
2732,17,1,3,1,12.574427740511641,0,1,3,1,0,0,0,3.8302053754229743
2733,17,1,2,3,11.074564627967225,18,0,3,0,0,0,0,1.597365745031795
2734,18,0,1,2,19.728280369657778,6,1,1,0,1,1,0,3.320316974439931
2735,15,1,1,4,14.645811348513922,28,0,2,0,0,0,0,0.6487053948776081
2736,18,0,3,1,15.538927767850424,22,0,2,0,0,0,0182646498699195
2737,15,1,0,1,17.449256301673483,10,0,4,0,0,0,1,2.440769899927139
2738,17,0,0,1,4.312795254516983,4,0,3,1,1,0,0,3.1525193708574304
2739,17,0,0,2,1.6760831819012156,29,0,1,1,0,0,0,0.21704201070589552
2740,17,0,0,1,9.657888731971973,16,0,2,1,1,0,0,1.8116223809515473
2741,18,1,1,0,10.281613912385463,10,0,3,1,0,0,0,2.777966932491008
2742,16,1,1,4,16.583635598998356,23,0,3,0,0,0,1,1.223828264622006
2743,16,0,1,0,8.875671585646714,25,0,3,1,0,0,0,1.1019399322716341
2744,17,0,0,3,11.417060510886255,7,0,1,0,0,0,060172050067505
2745,16,1,2,1,10.541418770269166,9,0,3,0,0,0,0,2.5244226584154354
2746,16,1,0,3,0.7640556751478211,11,0,3,0,0,0,0,1.9665140417865186
2747,18,0,1,2,12.30429793193828,9,0,3,0,0,0,0,2.8415190017676264
2748,15,1,1,3,16.560865715485043,12,0,2,0,0,0,0,2.200020267296471
2749,17,1,0,3,3.1500109615160765,25,1,3,0,0,0,0,0.9252693613945323
2750,17,1,0,0,11.886634678531916,17,1,3,0,0,1,0,1.8425841347566339
2751,18,1,0,0,11.872210888928286,9,0,3,1,0,0,0,2.6696408286087285
2752,18,0,2,1,3.283699281127175,18,0,2,0,0,0,0,1.3276664298868446
2753,16,1,3,2,2.4692714746147204,19,0,1,0,0,0,1,0.7547506714781123
2754,17,1,1,3,19.601038859529694,16,0,2,1,0,0,1,1.845656783786327
2755,15,0,0,2,7.874383393060751,19,0,2,0,0,0,0,1.537989779203268
2756,18,0,0,2,4.548434574470585,15,0,2,1,0,0,0,1.58092662695241
2757,15,1,2,1,3.426490889087499,4,0,2,1,0,0,0,2.883799714630056
2758,15,1,2,3,13.352034271664701,2,0,2,0,0,1,0549908109809842
2759,17,1,0,4,12.188905946545576,29,0,3,0,0,0,0,0.3280857038991219
2760,17,1,0,1,12.871042459748349,26,0,1,0,1,0,0,0.6115693055183088
2761,18,0,2,2,1.7601205502290451,14,0,2,0,0,0,0,1.5674124377048069
2762,17,0,0,0,17.87069166996874,25,0,3,0,0,0,0,1.2197472447014093
2763,17,0,0,2,7.785327936180966,1,0,2,0,1,0,1213988805197203
2764,17,1,0,2,6.267388128607159,12,1,2,0,0,0,1,2.262147696008476
2765,15,1,1,1,9.247228944954784,21,1,2,0,1,0,0,1.4550854526151875
2766,18,1,2,2,7.801321314952565,7,0,2,0,0,1,0,2.448840530622927
2767,16,1,3,1,17.27154006278292,22,0,1,1,0,0,0,1.2800415789704742
2768,15,0,1,2,18.58521950395784,26,0,2,0,0,0,0433801278881183
2769,17,0,1,2,6.069064328992124,29,0,4,1,1,1,1351815304099121
2770,15,1,0,0,17.278716149199095,16,0,2,0,0,0,1,1.5730510214028783
2771,17,0,1,2,15.630462590661342,3,0,0,1,0,0,0,2.898151345753362
2772,17,1,0,2,18.616153446895236,18,0,3,0,0,0,0,1.8209201086118587
2773,15,1,1,1,4.915006243717757,21,0,2,0,0,0,0,0.7287945170807484
2774,18,0,0,0,11.539183002419582,24,1,1,0,0,0,0,0.9023572553597989
2775,17,1,0,2,5.490891694808893,8,1,3,0,0,0,1,2.421061773387504
2776,18,1,0,4,16.481889809687484,22,0,1,0,0,1,0,1.2212994205081906
2777,16,0,0,1,0.10648381142128516,14,0,4,0,0,0,0,1.9961073864422314
2778,17,1,0,1,11.296383257727921,27,0,2,0,1,0,0,0.622706295394981
2779,18,1,0,1,6.78406862543836,8,1,3,0,0,1,0,2.9026025126837935
2780,18,0,3,2,6.453674141556405,23,1,2,0,1,0,0,1.3486070016063347
2781,16,1,0,1,12.898126477298339,20,1,1,0,0,1,0,1.3511410519807199
2782,18,0,1,1,17.02968898627988,8,0,3,0,0,0,0,2.7455540828498273
2783,18,1,2,2,12.183907827866525,13,1,4,1,0,1,0,2.9932144641445677
2784,16,0,3,2,17.06345957293445,22,0,3,0,0,0,0,1.5892697074168551
2785,17,0,1,1,5.291942237620599,20,1,3,1,0,1,0,1.6530997620970653
2786,18,0,2,2,10.390037095299622,15,1,4,0,1,0,1,2.136285525349759
2787,18,1,0,2,9.01073078134152,23,0,1,0,0,0,0,0.7370487522929228
2788,18,0,0,0,0.23289799006192435,22,0,0,0,0,0,0,0.35275195922742686
2789,15,0,0,0,11.136242862814802,24,1,0,0,0,0,0,0.6901567908276482
2790,16,0,1,3,13.230486482923498,25,0,3,1,0,0,0,0.9430459197705603
2791,15,0,1,0,11.8382880883814,16,0,3,0,0,0,0,1.8819787410279114
2792,16,0,0,2,14.72559797566843,12,0,3,1,1,0,0,2.4740395368096815
2793,17,1,0,3,11.426790569061541,8,0,4,0,0,0,1,2.5077426742068285
2794,17,1,1,1,1.3350050970151384,14,0,3,0,0,0,0,1.563591912280606
2795,18,1,0,1,2.3289104816942285,6,0,2,0,0,0,0,2.4556437547462835
2796,16,1,1,2,11.929491550879048,0,0,1,0,0,0,0,2.7366048752761047
2797,17,1,1,3,5.499583839472804,0,0,4,0,1,0,0,3.2620199899463747
2798,16,1,2,3,1.5929025806953168,4,0,1,0,0,1,1,2.28387095613807
2799,17,1,2,2,8.592054868970935,23,0,2,0,0,0,0,1.1544100089135072
2800,15,0,2,0,11.086451961673108,8,0,2,1,1,0,0,2.7890998282690926
2801,17,1,0,2,6.5749197669921315,11,0,1,0,0,0,0,1.5386892509239083
2802,15,0,2,2,14.408674044515559,5,0,3,1,0,0,0560700900603366
2803,17,0,1,2,12.875412162024894,27,1,1,0,0,0,0,0.7408967018564105
2804,18,1,0,0,6.656367221833439,12,0,4,0,0,0,0,2.499681179530751
2805,15,0,0,1,15.097450578171212,25,1,2,1,0,0,0,0.8952499802854423
2806,17,0,0,2,12.973900850660709,27,0,3,1,0,1,0,0.7742848136453381
2807,18,0,0,2,12.748907574358041,7,1,3,0,1,0,0148025336099797
2808,15,0,1,1,11.06855401574136,14,0,3,0,0,0,0,1.821442173929074
2809,18,1,2,1,0.2277933617710559,5,0,4,0,0,0,0,2.543009095435074
2810,16,1,0,3,13.930143669537783,26,0,1,1,0,0,0,0.645454380244234
2811,16,1,0,2,7.5208358221831295,5,0,0,0,0,0,0,2.631367841368872
2812,15,1,3,1,18.852194203173113,3,0,0,1,0,0,0,2.7124204664131986
2813,17,1,0,1,16.359695421544107,10,0,3,0,1,0,0,2.672755461068081
2814,15,1,0,1,11.753889390626245,20,0,4,0,0,1,0,1.7148117851610198
2815,18,1,1,3,5.043639636385389,29,1,2,1,0,0,0,0.21097917874476535
2816,17,1,1,274347865553332,17,0,3,1,0,0,0,1.859071573097468
2817,16,1,0,2,6.8076967535509825,2,0,0,0,1,0,0,2.6728667073501415
2818,17,1,0,2,9.531358871600371,2,0,1,1,0,0,0,2.7192011567406125
2819,16,0,0,1,5.921310200778942,29,0,3,1,0,0,0,0.7369928855488138
2820,17,1,1,3,10.298589907849657,11,1,0,1,0,0,0,2.2952134775005772
2821,17,0,1,2,3.3074085102637185,26,1,2,1,1,0,0,0.84069094147179
2822,17,0,0,1,19.554256256509998,20,1,3,0,1,0,0,2.131628504443662
2823,18,0,1,1,2.1584910992998774,29,1,3,1,1,1,1,0.9922965742511932
2824,18,0,2,2,18.63888279308744,20,0,2,1,1,0,0,1.451872243083537
2825,15,1,0,3,18.271560228053897,5,0,3,0,0,1,1,2.860396826235563
2826,15,0,0,1,10.50720963638996,20,0,2,0,0,0,0,1.1825650544782942
2827,16,1,1,3,14.498205436721687,27,1,0,0,0,0,0,0.13065423787367458
2828,18,1,0,2,8.720965959451757,5,1,3,1,0,0,0,3.3627162150851144
2829,16,0,0,1,12.600691550848763,7,0,1,1,0,0,1,2.251847104187132
2830,15,1,1,0,6.811518748422374,14,0,0,0,1,0,0,1.6884763841942345
2831,16,0,2,1,6.023180395708907,17,1,2,0,0,0,1,1.8154017176022972
2832,15,0,2,2,11.564595723390275,19,0,3,0,0,0,0,1.4948695594196215
2833,18,1,1,1,9.962593483679607,28,1,1,0,1,0,0
2834,17,1,2,1,11.59072738299962,15,0,0,0,0,0,1,1.5717864335294334
2835,18,0,0,2,5.733211625740459,5,0,1,0,0,0,1,2.2346855491679
2836,16,1,1,2,7.339156636339905,27,0,2,1,0,0,0,0.5086565007104289
2837,16,1,0,1,1.6779592125781861,20,0,2,0,0,0,0,0.7016799102374711
2838,18,1,0,2455274454441144,16,0,1,1,1,0,0,1.817789572439356
2839,18,0,2,2,5.069142593460326,8,0,3,0,0,0,0,2.3375584621180696
2840,15,0,1,2,1.4849371866109151,18,1,3,1,1,0,0,1.763324115898465
2841,16,1,0,375494172694814,17,0,3,0,0,0,0,1.5801498390407567
2842,16,1,3,1,16.25856810787874,24,1,2,1,0,0,0,1.513660412883276
2843,18,1,0,3,0.777473940333786,22,0,2,0,0,1,0,0.5468398683049477
2844,17,1,0,2,13.178855878694854,4,1,2,0,0,0,0,3.112170722339197
2845,16,1,0,2,5.45115497630801,27,0,2,0,0,0,0,0.3075940597283189
2846,17,0,2,2,17.430913614162527,5,0,0,0,0,0,0,2.228511429722963
2847,18,1,2,2,9.69984569154999,11,0,3,1,0,0,1,2.5064154144606747
2848,18,0,0,1,6.111529186556515,10,0,2,0,0,0,0,1.9775380444250974
2849,15,1,1,2,10.352778713788691,15,1,1,1,0,0,0,2.340811012860678
2850,16,0,0,2,7.639160380905377,19,0,1,0,0,0,1,1.2611282397020753
2851,17,1,2,2,11.286021293396605,16,0,1,1,0,1,0,1.783001895562732
2852,15,0,0,1,2.2906573665269647,19,1,4,0,0,0,0,1.501240091930044
2853,16,1,0,3,19.939810056251023,8,0,1,0,1,0,1,2.2392539847060284
2854,15,0,3,2,8.511117553934351,0,1,3,0,1,0,0,3.823801327886915
2855,18,0,0,0,6.964612794147373,25,0,2,1,1,0,1,0.895261805081618
2856,16,0,0,2,14.204196966325298,2,1,3,0,1,0,0,3.5326403833692965
2857,15,0,1,2,7.27798812990665,20,0,2,0,0,0,022641733675116
2858,15,0,3,2,16.66548610057515,22,1,4,0,0,0,0,1.960538709128941
2859,17,0,0,2,9.085414487208505,8,0,1,0,1,1,0,2.7454918014149503
2860,15,1,0,3,14.391168265308698,21,0,2,0,0,1,1,1.554112898573
2861,16,0,0,1,2.149064328837731,18,0,1,0,0,0,0,0.7068253462731773
2862,16,1,1,2,16.922383711102235,12,0,2,1,1,0,0,2.823600084682192
2863,17,1,0,3,14.714359735562198,22,0,2,1,0,1,0,1.2934088269809283
2864,16,1,1,3,4.234335569239313,13,0,3,1,0,0,0,2.126276926186896
2865,18,1,3,2,2.905720194915733,19,0,2,0,0,0,0,1.112671201191301
2866,16,1,0,3,6.325846974512488,18,1,0,0,0,1,0,1.2615877089185958
2867,16,0,0,0,19.521411720638085,29,0,3,1,1,0,0784851348128086
2868,15,0,0,3,5.136631491341173,22,1,2,0,0,0,1,0.6754583905284621
2869,15,0,0,1,9.122544178932666,26,0,1,0,1,1,0,0.6854728696794552
2870,16,1,2,1,0.6004045143467263,26,0,4,1,1,1,0209263651026421
2871,17,0,0,1,7.944550591324651,6,1,4,0,0,0,0,3.427620857629511
2872,15,0,0,2,11.426400308662055,3,1,3,0,0,0,0,3.2485727923536656
2873,17,0,1,1,19.062492250159302,11,0,3,0,0,0,0,2.278951504956563
2874,16,0,0,1,10.334720898801288,22,0,0,0,1,0,0,0.8330790224853892
2875,16,0,1,1,16.382146523553757,26,0,4,0,0,0,0,0.8570927943521445
2876,18,1,0,1,10.94255285137801,13,0,2,0,1,0,0,1.7444976627663373
2877,15,0,2,2,0.815700268710362,1,0,1,0,0,1,1,2.806877505411242
2878,16,1,3,2,6.300165503795481,0,0,3,1,0,1,0,3.4905433071379806
2879,18,1,1,1,11.510990156622064,27,0,1,0,1,0,0,0.6939648518623458
2880,15,1,3,2,19.011879318622487,17,0,2,1,0,0,0,2.1615587370783906
2881,16,1,0,3,17.182607195024666,19,1,1,0,0,0,0,1.8933444720314547
2882,16,1,0,2,4.567112283576953,7,1,2,1,0,1,0,2.8829580708041513
2883,15,0,1,1,4.40219660038327,2,0,2,1,1,0,1,3.2703738607764876
2884,15,0,1,223459342278015,25,0,2,1,1,1,027015599936749
2885,15,0,0,1,18.449977926050064,5,0,0,1,1,0,1,2.48966890236666
2886,16,1,0,1,17.053323062034412,21,1,2,0,0,0,0,1.7087987708583718
2887,16,0,0,1,15.497668645058976,12,0,2,0,0,1,0,2.324093256836654
2888,18,0,0,3,7.854702284484551,8,0,1,0,0,0,0,2.1974911457392072
2889,17,1,0,1,10.087614085975336,8,0,4,0,0,0,1,2.500113299959695
2890,15,1,2,0,9.286634895903056,19,0,2,0,0,0,0500058515104695
2891,16,1,0,1,5.067962151187453,8,0,3,0,0,1,1,2.438440919001191
2892,16,1,0,3,10.100560922975339,14,1,1,0,0,0,0,1.9146018444641888
2893,15,0,1,2,0.6099309570550893,12,0,2,1,1,0,0,1.6278371303258028
2894,17,1,1,1,2.6362074699491833,21,0,1,1,1,0,0695241523651193
2895,15,1,2,2,17.73179192337893,15,0,2,0,1,0,0,2.369652312774279
2896,17,0,1,2,15.033595340628466,1,0,1,0,0,0,0,2.9747406949660418
2897,16,0,0,2,8.457368181181742,25,0,2,1,0,0,0,0.3578088919508027
2898,17,1,2,1,10.343007245677544,13,0,2,0,0,1,1,1.9225514899197134
2899,18,0,1,3,7.399977719199549,26,0,1,0,0,0,0,0.33096690773874
2900,16,1,0,1,14.81559734321345,5,1,3,0,0,0,1,3.219685483262613
2901,18,1,1,2,15.683743584641592,1,1,4,0,1,0,0,3.9514599508156745
2902,15,0,3,0,15.265703804063183,7,0,1,0,0,0,0,2.7952105534902603
2903,15,0,0,1,14.452234496688991,3,1,3,1,0,0,0,3.5617432680571097
2904,15,1,0,190086773855917,20,1,3,0,0,0,0,1.36108822691039
2905,17,1,0,2,6.759399584809575,23,0,2,0,0,1,0,0.7389589820946485
2906,16,1,0,0,9.3969086996735,13,0,3,1,0,0,1,2.3207725437642064
2907,15,0,0,2,6.615859828553113,10,0,4,1,0,0,0,2.837891417954615
2908,15,1,1,1,15.09880400316658,23,0,2,0,0,0,1,0.8273394905182188
2909,16,1,0,2,6.587070484999094,27,1,3,1,0,0,1,0.8758837048232606
2910,15,1,3,3,2.764641735706743,13,0,3,1,0,0,0,1.4679683162543722
2911,18,1,2,2,7.980809040966081,11,0,2,1,0,1,0,2.122102757166825
2912,16,1,1,2,19.598288655647607,15,0,2,1,0,0,0,2.4818134094533937
2913,16,0,2,2,4.517628258671518,5,0,4,1,0,0,0,2.876083672610056
2914,16,1,0,1,12.24317317886458,19,0,3,0,1,0,0,1.6626921985519796
2915,18,1,0,3,8.659460996794126,0,0,1,1,0,0,0,2.9640587263043403
2916,16,1,1,1,1.4204913529865326,11,0,1,1,0,1,03217846252961
2917,18,1,2,2,9.75753211996119,6,1,4,0,1,0,0,3.2078192453842034
2918,16,0,2,2,14.043286572966249,7,1,0,0,0,0,0,2.5534848460747726
2919,17,0,0,1,10.264399516556376,8,1,3,1,1,0,0,3.1288586460030157
2920,15,0,3,1,17.442121274931623,1,1,1,1,1,0,0
2921,17,1,0,2,5.778740333151653,16,1,0,0,0,0,1,1.3570627014048273
2922,15,1,2,3,1.7249834260792984,19,0,0,0,1,0,0,0.6848879979871082
2923,18,0,3,3,18.73131223316012,12,0,2,1,0,0,0,2.2346962873244927
2924,17,0,0,2,7.56392699056438,4,0,0,0,0,0,1,1.953200561311372
2925,16,0,2,2,11.528111029072667,9,0,2,0,1,0,0,2.4709240029839887
2926,15,1,0,3,15.840062522603919,11,0,3,0,1,0,0,2.512488758731327
2927,15,1,0,0,6.486273277511612,16,1,2,0,0,1,0972515782565893
2928,17,0,1,1,14.323290763552222,20,0,3,1,0,0,1,1.3451314633822888
2929,18,0,1,2,2.7083769963565607,5,0,2,0,0,0,1,2.241727972459657
2930,17,0,3,3,5.825874944110105,2,0,2,0,0,0,0,2.637348954652655
2931,18,1,1,3,2.894212722730398,27,0,2,0,0,1,0,0.2861100389415956
2932,18,1,0,2,16.224611168027156,14,1,2,0,1,0,0845477071034386
2933,15,1,2,0,4.452984704535707,6,0,4,1,0,0,0,2.7778858935835875
2934,17,0,3,2,14.348071108104206,29,0,3,0,0,0,0,0.48418319580323893
2935,17,0,0,1,18.865967944913052,5,0,2,0,0,0,0,2.8757352860069436
2936,18,1,3,1,10.55544418137754,3,1,3,0,0,0,0,3.4713372144944583
2937,17,0,0,2,10.800583845213755,18,0,2,0,0,0,0,1.3180744589421032
2938,16,1,2,0,9.22067136195624,4,0,1,1,0,0,0,2.715908932047662
2939,16,0,0,3,6.517802867872855,2,1,2,0,1,0,0,3.4745618447603603
2940,17,0,0,2,9.513100618498342,25,0,3,1,0,0,0,0.9349429908719434
2941,17,0,0,2,12.056150645335189,24,0,2,0,0,0,1,0.5185224297099189
2942,18,0,1,0,19.719831443413188,8,0,3,0,1,0,0,2.726094628858152
2943,16,1,0,1,18.755291186364484,5,1,2,1,0,0,099064650031246
2944,16,0,0,0,17.243059165862434,12,0,2,1,0,0,0735452919667288
2945,15,1,1,4,17.782610714097167,26,0,4,1,1,1,0,1.9831339922227575
2946,18,1,3,3,9.35698366584086,21,0,2,0,0,0,0,0.7662736791529805
2947,15,1,0,2,13.148886543549295,27,0,3,0,0,0,0,0.6361329335031771
2948,16,0,0,1,17.901334458724282,29,0,3,1,1,1,0,1.1480334125866043
2949,18,1,0,3,7.859015299827061,19,0,4,0,1,1,0,1.7504046795082222
2950,17,1,0,1,19.235249566909374,3,0,0,1,0,0,0,2.8211081074612654
2951,18,1,2,1,8.31572124138366,1,0,1,1,0,1,1,3.2405120739686932
2952,17,0,2,2,12.021653307864312,25,0,3,1,0,0,0,0.7058616313604631
2953,17,0,1,3,14.196094265447439,3,0,2,1,0,0,0,2.9127221778502177
2954,18,1,0,0,19.011840261518767,7,0,2,0,0,0,0,2.894723042268489
2955,17,0,2,1,4.8923254810453205,12,0,1,1,1,0,0,1.777279849146076
2956,15,1,1,3,14.922619564772845,9,0,1,0,0,0,1,2.4571875145361584
2957,16,1,2,1,10.416311722881645,17,1,2,0,0,0,0,1.9390765371477845
2958,17,0,1,1,5.371142812412821,8,0,1,0,0,0,0,2.291686152272234
2959,15,1,2,2,15.532136795927812,29,0,1,0,1,0,0,0.5847407288696445
2960,17,0,1,3,11.04444560347693,0,0,0,1,0,1,1,2.905466160345195
2961,16,0,0,2,13.219476412993515,12,0,1,1,0,0,0,1.7389421343230627
2962,15,1,3,4,6.45802137155802,17,1,3,0,1,0,0,1.6698070522329402
2963,16,0,1,2,9.6254790365521,14,0,3,0,0,0,0,1.6482889223547217
2964,16,0,1,0,12.34708501976134,1,0,0,1,0,0,1,2.7103913101189026
2965,15,1,0,4,8.09821628539688,10,0,1,1,0,0,0,1.9561691259633316
2966,15,1,1,2,3.9674507969540262,28,0,2,1,1,0,0,0.6729361977994386
2967,15,0,1,1,19.23280984630608,13,0,2,1,1,0,0,2.6071729292255172
2968,18,0,0,2,10.229350800852348,21,0,3,1,0,1,0,1.5660204997024247
2969,15,1,0,1,14.67840740575401,14,1,3,0,0,0,0,2.197394591639808
2970,15,0,1,0,8.220943871121163,13,1,3,1,0,0,0,2.332971816562523
2971,15,0,2,0,7.102635280514327,15,0,2,1,0,0,0,1.773293697386631
2972,15,0,1,2,8.1432859693425,22,0,2,1,1,0,1,1.1496496267546505
2973,17,0,0,3,8.183932875712996,28,1,3,0,0,0,0,0.8409854510198023
2974,18,0,1,2,10.883602318839072,14,0,0,1,1,0,0,1.5635740338353445
2975,16,0,0,4,10.869397399627264,18,0,0,0,0,0,0,0.8707134779286393
2976,15,0,0,1,9.943076317657432,26,1,0,0,1,1,0,0.61316598823277
2977,17,1,0,1,2.695715698348762,8,0,2,1,1,0,0,2.5723917087049193
2978,17,1,0,1,9.921509570010622,4,0,1,0,0,0,0,2.30759662333527
2979,17,1,0,1,3.3820780084130297,4,0,1,0,0,1,0,2.3180465210933434
2980,16,1,0,1,2.5227157259153032,10,0,3,1,0,0,0,2.31055728577378
2981,15,1,0,2,18.652914346823355,27,1,4,1,1,1,1,1.5858200366928563
2982,18,0,0,3,12.099000262954085,19,0,1,1,0,1,0,1.6306137401298542
2983,18,0,1,4,13.189801162491685,24,1,2,0,1,1,0,1.558632200330993
2984,17,0,0,1,8.035873406667275,23,0,1,1,0,0,0,0.6835053013860497
2985,16,0,0,3,18.179617838297283,27,0,4,0,0,0,0,0.9709123787681464
2986,16,1,2,1,12.75860979159331,3,0,1,1,0,0,1,3.3446266750887066
2987,16,0,0,1,15.38339739047175,19,0,3,0,1,0,0,1.8859166518517383
2988,18,0,1,3,7.371249380554277,17,0,1,1,0,0,0,1.4699645571762952
2989,17,1,0,2,19.20023761638251,24,0,3,0,0,0,0,1.436375445405192
2990,15,0,0,1,16.4092258031663,2,1,1,1,1,0,0,3.399542858486649
2991,18,0,1,2,17.078969260290872,3,1,1,0,1,0,0,3.5635357914562173
2992,17,1,1,1,3.4438853485150855,13,0,1,1,1,1,0744387503601613
2993,17,0,2,2,5.41926415742439,6,0,1,0,0,0,0,2.5040052870066454
2994,15,0,1,2,5.712531993671542,25,1,3,1,0,0,0,0.9669488067667789
2995,15,0,3,4,5.418184464937424,7,0,3,0,0,0,0,2.6910442047353333
2996,15,0,0,0,17.10816324208576,23,0,2,0,1,0,0,0.8647850838512876
2997,16,0,0,1,0.6376959041718422,15,1,4,1,0,0,0,1.993952452575168
2998,15,1,0,2,1.521999779615486,19,0,2,1,0,0,0,1.2001797196357924
2999,17,1,0,2,5.478297412598074,14,0,4,0,1,0,0,2.195712898261988
3000,15,1,1,1,3.997459492988873,6,0,1,0,0,1,0,1.9012665239921254
3001,17,1,1,2,4.637192277656967,25,0,4,1,0,1,0,0.8399765237396326
3002,18,1,0,3,15.958863785066,16,0,0,1,0,0,1,1.3620437691526195
3003,16,1,3,3,11.262531877840939,21,0,2,0,0,0,0,0.8507438645015205
3004,18,0,2,3,0.11541322585935987,21,1,2,1,0,0,0033653059742336
3005,18,1,0,3,8.586455314083905,21,0,2,1,1,0,0,1.3905396980299167
3006,17,1,0,2,8.157698537007178,11,0,2,0,1,0,1,2.4399813258092324
3007,18,0,0,3,2.2789053888908706,17,0,2,0,0,1,0,1.2433117162791913
3008,17,0,0,1,13.522835772029143,23,1,4,1,0,0,0,1.9648466563741724
3009,15,1,0,1,14.04194376758982,13,1,4,1,0,0,0,2.6882293307172063
3010,15,0,1,1,14.417864381041953,14,1,4,1,1,0,0,2.7397016672595753
3011,17,1,0,2,14.56941891117184,14,0,4,0,0,1,0,2.4961219360335156
3012,15,0,0,1010565386459360226,4,1,3,0,1,0,0,2.968807133269986
3013,16,1,3,4,19.078416076934445,15,0,4,0,1,0,0,2.2159441692227517
3014,18,0,1,1,16.28417534109326,4,0,3,1,0,0,0,3.5037432645192648
3015,16,0,3,0,18.079633931785708,1,0,2,0,0,1,0,3.3847294719580105
3016,18,1,0,2,0.3128659061486827,19,0,3,0,0,0,0,1.417604009607429
3017,15,1,0,0,18.677175915714788,27,1,4,0,0,0,0,1.139337063496313
3018,16,1,1,1,16.195770573762093,24,0,3,0,0,0,0,0.7695898642280781
3019,15,1,0,1,16.74438285917397,8,0,2,0,0,0,0,2.3484434535441197
3020,18,1,0,2,1.8657476944393703,21,0,0,0,0,0,1,0.3218314296846537
3021,17,0,1,2,14.775560578371953,26,0,3,1,0,1,0,1.1241371864897378
3022,17,1,1,2,19.19833379284182,8,0,4,0,0,0,0,2.7170969538329475
3023,16,1,0,2,13.570946828363212,3,0,2,0,0,0,0,2.6565407804958623
3024,15,0,0,2,11.411228092492129,14,0,1,0,0,0,0,1.5277480662258427
3025,15,0,0,1,18.91259355497994,10,0,2,0,1,1,0,2.735672949043832
3026,16,1,0,1,8.85874243468872,0,1,2,0,1,1,0,3.748102280530043
3027,17,0,0,2,11.985871326209574,17,1,2,0,0,0,0,1.7062124885863237
3028,18,0,0,0,9.526765869887324,28,1,3,0,0,0,0,0.9590415228646012
3029,16,1,0,0,18.656924427205983,0,1,4,1,0,0,1
3030,18,0,3,2,1.5216945353101452,7,0,3,0,0,0,0,1.8589248556209295
3031,17,0,1,2,10.022394016506963,24,1,2,0,0,0,0007755569217258
3032,15,1,2,1,13.739048827708766,15,0,4,1,1,0,0,2.413651872584266
3033,17,1,0,1,15.838130768444739,25,1,2,0,0,0,0,1.1721916329362534
3034,16,0,0,3,11.660372948882728,27,0,1,1,0,0,0,0.27593510007107586
3035,15,0,0,3,18.17835488242908,21,1,2,0,1,0,0,1.907640379807341
3036,16,1,0,2,18.839828937677435,17,0,3,0,0,1,018579782190191
3037,16,0,0,2,1.2863844638716704,21,0,3,0,0,0,0,0.9157121795938513
3038,17,0,2,2,8.047410790827488,8,0,4,1,1,0,0,3.1291166395835397
3039,16,0,1,4,0.46918043442308877,11,0,2,0,0,0,0,1.9459891884186322
3040,17,1,1,4,6.588333147488859,18,1,1,0,0,0,0,1.510058697488437
3041,15,0,0,1,10.737364359412043,24,0,0,0,1,0,0,0.15303181165081492
3042,17,0,3,3,18.215898610198977,17,0,3,0,1,0,0,1.7119846768416216
3043,15,1,0,1,16.931086449308058,26,1,3,1,1,0,0,1.419977098603833
3044,17,0,0,1,2.5499945334397145,4,0,2,0,1,0,0,2.438731252650425
3045,18,0,0,2,1.860607494817914,26,0,2,1,0,0,0,0.3167559737315224
3046,18,1,2,2,11.785346775133341,1,0,4,0,1,0,0,3.5433159148930136
3047,16,1,3,3,10.642359449175654,6,0,4,1,1,0,0,3.1252696624964185
3048,17,1,0,0,5.327552828600477,26,1,1,0,1,0,0,0.6550115881417289
3049,17,1,2,2,17.989061691076703,9,1,3,1,1,0,0,3.5116138627312408
3050,15,0,2,3,18.54732818923107,14,1,3,0,0,1,0,2.8625628192347974
3051,16,0,0,3,8.052228766803253,24,0,1,1,1,1,0,1.1162284613450342
3052,17,1,0,1,17.806051142270405,6,0,2,1,0,0,0,3.2011819553323124
3053,16,1,0,1,7.678977885259453,27,0,1,0,0,0,0,0.10059214808941774
3054,18,0,3,2,14.736336636594004,4,1,1,1,0,0,0171336823913077
3055,17,1,0,1,9.518844350954483,14,0,3,1,1,0,0,2.220548508939325
3056,17,0,2,4,2.4516631301436598,19,0,2,1,0,0,1,1.1110684623439582
3057,16,1,0,3,18.55868402474043,27,0,2,0,1,0,0,0.9918923912020086
3058,17,0,2,1,9.081931867550733,19,0,2,0,0,0,0,1.175347658120809
3059,16,1,0,1,14.689740806448073,14,1,0,1,0,0,0,2.2925396421337085
3060,17,1,1,0,7.343476288625843,9,0,3,0,0,0,1,2.2942213571902887
3061,15,0,2,3,0.3776175715246932,23,0,2,0,0,0,1,0.3699206268971446
3062,16,1,2,110607173836718,25,0,2,1,1,0,0,0.6657412071192984
3063,17,0,2,2,9.924389589798487,28,1,4,0,0,0,0,0.7289188138326557
3064,18,0,0,2,13.799287142527248,25,0,2,0,0,1,010198033751084
3065,17,0,1,2,6.694706531585581,13,0,3,0,0,0,0,1.8298105464885008
3066,18,0,0,0,13.909769183553006,25,0,2,1,0,0,0,0.940947219838506
3067,18,0,0,1,13.97271178863912,25,0,3,1,0,0,0,1.1528666911541525
3068,15,1,1,3,14.078718146556618,9,1,3,1,0,0,030196982539537
3069,16,1,0,3,9.850437080410169,16,0,1,1,0,0,0,1.7570919535414902
3070,17,0,1,2,18.29772300243008,20,1,3,0,0,1,0,1.966123442653016
3071,15,1,3,0,9.783930359612311,13,0,0,0,0,0,1,1.3016437358793693
3072,17,0,0,1,9.005303869932764,1,1,4,0,1,1,0,3.7728966084788675
3073,18,1,1,2,3.9876163802125397,15,1,2,0,1,1,0,1.922165909079572
3074,16,1,0,1,6.15310174712673,12,0,3,0,0,0,0,1.789036775909554
3075,17,1,0,3,0.8466898503660669,26,0,2,1,0,0,1,0.6329881184701
3076,17,1,0,2,12.670705872323405,8,0,3,1,0,1,0,2.8504352924310816
3077,18,0,3,0,4.970714878541857,6,0,4,0,0,0,0,2.684821286526617
3078,17,0,2,3,6.083105089709302,15,0,3,1,0,0,0,1.899340250146643
3079,17,1,3,4,15.416290433286424,9,0,1,1,0,0,0,2.4543067018642812
3080,18,1,3,0,6.544423663229077,23,1,2,1,0,0,0,1.2083322825671698
3081,15,0,0,2,4.8439178402628436,21,0,2,0,1,0,0,1.5269160461968396
3082,18,1,0,1,3.381154982674115,8,1,2,0,1,0,0,2.6867167544354524
3083,15,0,1,1,15.497168043639117,21,0,2,0,0,1,0,1.1307853592581483
3084,16,0,0,1,2.5941251598005377,22,0,2,0,0,0,0,0.7411030550092116
3085,15,0,0,2,9.07507520500707,6,1,2,0,0,1,0,2.8934002946535644
3086,15,1,0,4,10.138602321543889,15,0,1,1,0,0,0,1.3763806884640657
3087,16,0,1,2,13.747798253714292,8,0,2,0,0,0,0,1.935602560783459
3088,15,1,1,0,12.665669646659909,26,1,1,0,1,1,0583113523259429
3089,18,0,0,2,16.214413458903497,23,1,1,0,1,0,0,1.230428755834961
3090,15,1,0,1,0.895028678524763,28,0,3,1,0,0,0,0.14706886999773133
3091,16,1,1,3,5.928814495587944,16,0,0,0,1,0,1,1.1696905137872946
3092,18,1,1,2,5.6026823755075945,19,0,2,0,0,0,016215042238629
3093,16,0,0,1,2.9203381118421645,6,0,2,1,0,1,0,2.5210277348652257
3094,16,0,2,1,5.783565077128863,10,0,2,0,0,0,0278419222415676
3095,17,1,0,2,6.195306282858068,7,0,3,1,0,0,0,2.6709475543243455
3096,17,1,0,1,10.437689238549567,6,0,2,0,1,0,0,2.8728793655039593
3097,16,1,2,2,13.274089578525121,27,1,1,0,1,0,0296486453677298
3098,16,0,1,1,7.622010272236281,18,1,3,0,0,0,0,1.7574973127696059
3099,16,0,0,1,14.389404626267623,19,0,4,1,1,0,0,1.895283343248585
3100,17,0,1,2,6.7233067715915995,11,0,0,1,1,0,135367286041147
3101,17,0,1,3,5.805673546295207,6,0,2,0,0,0,053147894166025
3102,15,1,2,3,10.823761117140487,7,0,2,0,0,0,0,2.3297192542706386
3103,15,1,2,1,0.47432720611581214,6,0,1,0,1,0,0,1.7562115530004156
3104,16,0,1,1,1.5957824726800074,5,0,2,1,1,1,0,2.8273429543273716
3105,18,0,0,1,8.359390871730541,24,0,3,0,0,0,0,0.6937125121602848
3106,18,1,0,2,18.85825422783513,8,1,1,0,0,1,0,2.953961921722677
3107,17,0,0,2,14.430235596868473,26,1,4,0,0,0,0,0.9894684413187074
3108,17,0,0,3,1.762531390011155,12,1,2,0,1,0,0,2.1370681063433614
3109,17,0,1,3,16.926360255617475,6,0,2,1,1,0,03210533252155
3110,16,0,1,1,14.64601541216362,7,0,3,1,0,0,0,2.804363175110951
3111,18,0,0,2,12.218930514053064,21,0,0,0,0,0,0,0.6128025023431376
3112,15,0,0,3,16.405859212183547,16,1,2,0,1,0,0,2.202232939648992
3113,16,1,0,3,8.082196954859143,16,0,2,0,0,0,0,1.4102620381944773
3114,15,0,0,0,4.430021017077054,15,0,2,0,1,0,0,1.4414095429135232
3115,15,0,2,1,10.240467782175187,21,0,2,1,0,0,1,1.2335870210314048
3116,16,1,0,2,10.976835111869477,1,0,0,0,0,0,0,2.7905751470187807
3117,15,1,1,1,10.766527440198242,29,0,1,0,0,0,0,0.3785436345391653
3118,18,1,3,1,11.301475829602106,7,0,1,0,0,0,1,2.1728123218250155
3119,15,0,0,0,18.974098364783615,16,0,4,1,1,0,0,2.3916876827143443
3120,18,1,0,2,18.04491246192463,12,0,0,0,1,0,0,1.7831074672235316
3121,18,0,0,1,17.514340731178788,17,0,1,1,1,0,0,1.7859269858399722
3122,18,0,1,0,16.028336218172544,23,0,4,1,0,0,0,1.2687721230682185
3123,17,0,1,1,18.868562145305706,27,1,3,1,0,0,0,1.4868656515688803
3124,15,1,0,3,1.969892833588065,21,0,2,1,0,0,0619359966520148
3125,16,1,1,3,5.30246522891479,27,0,0,0,1,0,0
3126,16,1,2,2,9.901118913091697,9,0,3,0,0,0,0,2.1516179803357813
3127,15,1,0,2,16.930689862468103,1,1,1,1,1,0,0,3.5974890937641693
3128,17,1,0,4,10.10331423045465,1,0,3,1,1,0,0,3.812757187598897
3129,17,0,2,1,14.960694786831773,26,0,4,1,0,1,1,1.1767815056705988
3130,18,0,1,1,2.7791981049783243,13,0,2,1,1,0,1,1.948327515860377
3131,15,0,2,1,5.048276259531203,15,0,1,0,1,0,0,1.8080971980423572
3132,15,0,1,1,14.635521900753448,6,0,3,0,1,1,0,3.222140089605496
3133,16,1,2,1,3.294680177754481,20,0,2,1,0,0,0,0.8092601434109807
3134,15,1,0,3,7.027118693098535,20,1,2,1,1,0,0,1.2945928801079334
3135,17,0,2,2,5.2973251562714285,23,1,2,0,0,1,0777476837996005
3136,15,1,3,2,6.997233884449569,11,1,3,0,0,1,0,2.920181898407056
3137,16,1,1,3,14.166480981559406,27,0,2,0,0,0,0,0.7961429158962126
3138,18,0,0,0,7.35694362285602,22,1,4,0,0,0,0,1.4460523515011119
3139,16,0,0,1,11.105266452158805,27,0,3,0,1,0,0,0.9401842567137783
3140,16,1,0,2,1.998637541088193,13,0,1,1,0,0,0,1.7820606670994417
3141,18,1,0,2,16.100353864692558,24,1,3,0,0,1,0,1.1058998695955586
3142,16,0,0,0,7.397772512962497,3,0,1,1,0,0,0,2.81347034515229
3143,16,0,1,2,12.97068318066685,25,0,3,1,1,1,0,1.65178667236737
3144,15,0,1,2,14.507792033236653,3,0,1,1,1,0,0,3.603507572240497
3145,15,1,0,2,4.1932184422340075,17,0,2,1,0,0,0,1.5269602894052965
3146,18,0,1,2,17.693499699066997,2,1,3,0,1,0,1,3.4590447338738057
3147,15,0,0,1,12.324485032139059,0,0,1,1,0,0,0,3.3339700023673537
3148,15,1,0,0,8.57450283502963,16,0,3,0,0,0,0,1.7181817231817458
3149,16,1,0,2,3.646703671564391,6,0,3,1,1,1,0,3.1832324893858304
3150,17,1,1,1,18.846018758024133,29,1,2,0,1,0,0,0.9966476630212409
3151,15,1,0,3,15.101364082632502,15,0,2,1,1,0,1,2.525086321570887
3152,17,1,0,2,4.1604912546649775,29,0,4,0,0,1,0,0.512852046329121
3153,15,0,0,1,6.75421549448449,4,1,1,0,0,1,1,2.864498066852598
3154,15,0,2,2,16.193485161761465,18,0,3,0,0,1,0,1.7333640465600053
3155,18,1,0,2,13.91355326430678,6,0,3,1,0,0,0,2.9868916209305363
3156,18,1,1,1,15.315685854314488,13,1,4,0,0,0,0,2.5653680526952476
3157,18,1,1,3,8.824022044258648,1,0,3,0,0,0,1,3.1391893048250425
3158,17,1,2,3,14.329525252843338,2,1,2,1,0,0,1,3.6364165678600315
3159,16,1,3,2,7.7298744572782745,16,0,4,0,0,1,0,1.467442366638756
3160,15,0,0,0,4.225258338763929,15,1,3,0,0,0,0,1.7995311493172337
3161,15,0,0,2,12.6535406968272,7,1,3,0,1,0,0,3.1831261171881216
3162,15,0,2,2,19.520278511975885,17,0,0,0,0,0,0,1.441964197006561
3163,17,0,0,1,6.212019427906592,14,0,2,1,1,1,0,1.8815889866263618
3164,18,1,1,1,9.219391844250794,6,1,3,0,0,1,0,3.1326292974173744
3165,16,0,1,3,13.480027421397072,26,0,2,1,0,0,0,0.8142853492286524
3166,17,1,1,0,10.830125642449758,8,0,2,0,0,0,0,2.4777903742896354
3167,18,1,3,2,16.868555914180984,5,0,1,1,0,0,0,2.9713320163258232
3168,17,1,3,2,15.234854129390317,17,1,2,1,0,0,071972431377945
3169,16,0,2,2,1.1659440772471408,17,1,1,1,1,0,1,1.6356867327778124
3170,18,1,0,0,19.96842467847548,24,0,1,0,0,0,0,0.9062765162662463
3171,17,0,2,3,15.048049074389345,25,0,2,0,0,0,0,0.8090678531539729
3172,16,0,0,1,17.278066325882264,23,1,3,0,0,0,0,1.6838320257206556
3173,15,1,0,2,13.023954241906928,13,1,2,1,1,0,0,3.138784394067383
3174,16,1,2,2,17.125702560935245,13,0,1,0,0,1,0,1.798950340087624
3175,15,1,0,2,2.2476594985741882,13,1,1,1,1,1,0,1.687307435197655
3176,17,0,0,4,6.954756711186311,24,1,2,0,0,1,0,0.9030855768578068
3177,18,1,0,2,17.528418872089855,3,0,3,0,0,1,0,3.1376243508475437
3178,18,0,2,133104225337844,3,1,3,0,0,0,1,3.189217169770364
3179,17,1,1,4,1.5648419716004547,14,0,1,0,1,0,0,1.795369078193629
3180,18,1,1,2,15.762378798904379,14,0,2,1,1,0,0,2.435958199527401
3181,18,0,0,1,16.709723112865923,17,0,3,0,0,0,0,1.6884896091579062
3182,15,0,2,1,3.253044363798012,13,1,1,0,0,0,0,1.8440563794665374
3183,17,0,2,3,17.08691965565431,25,1,2,0,0,0,0,1.3055845144947993
3184,16,0,0,1,13.735355911943392,0,0,2,1,0,0,0,3.545153035874012
3185,15,0,0,2,10.401653664331679,9,0,1,0,0,0,1,2.17234554236808
3186,17,0,0,2,16.6050038556277,28,0,0,0,1,0,0,0.37514785056392924
3187,15,1,3,1,8.384984986379315,19,1,2,1,1,0,0,1.5578704926030598
3188,16,1,1,2,3.8798791244679443,9,1,0,0,0,0,0,2.185710840310208
3189,16,0,3,0,5.697053532212273,9,0,1,0,1,0,0,2.4598046717382283
3190,17,1,0,2,10.103280365866297,26,0,2,0,1,0,0,0.4275685065973586
3191,16,0,2,2,10.626615853463514,23,0,0,1,0,0,0,0.8719991150294315
3192,15,1,2,2,16.111616528824673,1,0,2,1,0,0,0,3.2229374986891246
3193,16,1,1,2,15.827054473046688,28,0,1,1,1,0,0,0.8181261027428247
3194,15,0,3,3,11.627331144091498,27,1,2,1,0,0,0,0.6189366143827062
3195,15,0,0,2,15.615709667309527,26,0,3,1,0,0,0,1.1746095143108735
3196,16,0,0,0,3.8354691658734197,7,0,3,0,1,1,0,2.8005690841335875
3197,17,1,1,1012905418658868,0,0,2,0,0,0,0,2.995458295719109
3198,18,0,2,2,17.472676452694003,0,0,0,0,1,0,0,3.353659743298607
3199,16,1,1,3,1.5110898752553914,3,0,3,0,0,0,0,2.7326611971495227
3200,15,0,0,3,4.933768594879946,6,0,1,1,0,0,0,2.555667542727533
3201,15,1,1,3,13.906378992487692,8,0,0,1,0,1,0,2.378050042081803
3202,16,1,0,1,8.188958752546183,15,1,3,0,0,0,0607924590958486
3203,17,0,0,2,17.526279398310177,4,0,4,0,0,0,0,3.1152505558547765
3204,17,1,1,2,5.959595893245391,1,1,2,1,0,0,0,3.453790618896306
3205,15,1,2,1,0.2374269333871859,27,0,0,0,1,0,0
3206,15,0,0,0,6.013112811214882,22,0,3,0,0,0,0281836891510068
3207,17,1,0,3,11.561500983696632,10,0,0,1,0,0,0,1.989455195588546
3208,18,0,0,1,7.518767508065867,17,1,3,0,0,0,0,1.6720340583678444
3209,16,0,0,1,10.697455115175105,24,0,2,1,0,0,1,0.8762666604767739
3210,15,0,2,0,17.531962376700374,24,0,2,1,0,0,0,0.8597452884552536
3211,15,0,3,3,18.24970108460737,18,1,2,0,0,0,1,1.970600159244711
3212,17,1,0,2,5.319481293082243,12,0,4,0,1,0,0,2.268850734169383
3213,16,1,2,2,9.242809465398015,23,1,3,1,0,0,0,1.11944101772116
3214,17,1,2,3,10.982880304829024,10,0,2,0,1,1,0,2.370893096932428
3215,16,0,2,1,18.982249137764942,19,0,3,0,0,0,0,1.499701931968684
3216,16,1,0,2,19.972346383287693,18,0,2,1,0,0,0,1.8790984603853382
3217,16,1,3,0,4.708144976830533,16,1,3,0,0,0,0,1.699348106354839
3218,15,0,0,1,14.539597426916309,4,0,3,0,1,0,0,3.3675911599478865
3219,18,0,0,3,7.560621244663903,12,0,0,0,0,0,0,1.2878189977208636
3220,17,1,0,2,0.16216393772426452,29,0,2,0,0,0,0
3221,18,0,0,1,0.1850504487180471,26,0,4,0,0,0,0,0.5764027197831978
3222,17,0,0,1,9.211320151245115,19,1,4,0,1,1,1,1.9922988471433194
3223,16,0,0,2,9.766698260086692,0,0,0,0,1,0,043931624402609
3224,15,0,0,0,0.4513939314688531,9,0,1,0,0,0,0,1.756186167808898
3225,18,1,2,1,13.73854833548605,7,0,4,1,0,0,1,3.2537859623175915
3226,15,0,2,1,5.880067771899062,23,0,2,1,1,0,0933875706255463
3227,17,0,0,1,11.197862030718987,28,0,2,0,1,0,0,0.763471998256058
3228,15,0,2,3,6.018381463308375,7,0,1,0,0,0,0,2.2973555861936927
3229,15,0,2,1,3.3426862973861438,18,1,3,1,1,0,0,1.6511561293797232
3230,18,0,2,1,8.143474771977505,5,1,1,1,0,0,1,2.827614868021281
3231,16,0,0,2,4.645467295810015,11,0,1,1,0,0,0557722559036584
3232,15,0,1,3,10.69601953838336,27,1,1,1,0,0,0,0.7697406121390962
3233,16,0,3,1,3.976570605729599,6,0,4,0,0,0,0,2.635693450834733
3234,17,1,1,0,10.168119532892542,15,0,3,0,0,1,0,1.9337798086138684
3235,15,0,0,1,3.147570297377351,8,0,3,1,0,1,0,2.7157532703177374
3236,18,1,1,2,13.4194941897157,20,0,2,1,0,0,0,1.325172784257977
3237,17,0,1,2,15.078753688828481,24,0,4,0,0,1,0,1.2450911401798577
3238,17,0,1,3,2.2078846849986755,21,1,3,0,0,0,0,1.3339741028791137
3239,18,0,0,4,9.356048240746784,9,1,3,0,0,0,0,2.622327676479096
3240,15,0,0,2,1.4174340130974716,9,0,4,0,1,0,0,2.407284043136154
3241,15,1,2,2,11.963648910840048,9,0,2,0,0,0,0,2.266160309674473
3242,17,0,2,2,5.288085958592907,19,1,3,1,0,0,0,1.7609996788469537
3243,15,0,0,0,10.552489136774156,28,0,4,1,0,0,0,0.8130174224118295
3244,16,1,3,4,10.349220187685823,15,0,3,1,1,0,1,2.19241453410119
3245,18,1,0,1,18.487086923876006,0,0,2,1,0,0,0,3.211743755038164
3246,16,0,1,1,10.981664451374458,16,0,0,0,0,0,0,1.2782356660108654
3247,15,1,2,2,11.659969594366313,29,0,3,1,1,1,0,0.9238316977083887
3248,17,1,2,1,8.033062515287606,25,1,2,1,0,1,0,1.3250390169983148
3249,18,1,3,2,18.981592063656336,20,1,1,0,0,1,0,1.6094102771441563
3250,15,0,0,2,15.543718188792193,28,0,3,1,0,1,0,1.2628487317952892
3251,15,0,2,2,5.708105806056832,13,1,2,0,1,0,0,2.2435930907680928
3252,17,0,0,3,16.88419171552464,18,0,2,1,0,0,0,1.5576879646413533
3253,17,1,2,1,8.6479272037018,20,0,3,0,1,0,0,1.1625740735001573
3254,16,0,2,2,16.57334287067188,20,1,2,0,0,1,0,1.6806611823420308
3255,18,1,1,2,16.45776136587004,16,0,0,0,1,0,1,1.599424076132399
3256,18,0,0,2,3.7774037352570877,13,0,2,0,0,0,0,1.2738181762310288
3257,17,0,2,2,14.022822627671538,7,0,0,0,0,0,0,2.210289203345338
3258,16,1,0,1,5.812859386130622,20,1,1,0,0,0,0085719028530793
3259,18,0,0,2,5.949853399853364,20,1,0,0,0,0,0,0.968725634893168
3260,17,1,2,1,5.926961537611614,8,1,1,0,0,0,0,2.6812773592720722
3261,15,1,0,3,14.511364951198964,7,0,2,0,1,0,1,2.4013738525578114
3262,18,0,2,1,4.596520835850722,12,1,2,1,0,0,0,2.376854346050859
3263,16,1,0,218116704921804505,16,0,4,1,0,1,0,1.94767693624079
3264,16,0,0,0,14.304737069652662,18,1,2,1,0,0,0,1.7797561259491266
3265,16,0,2,1,3.4236948767025055,27,0,3,1,0,0,0,0.5575488870769554
3266,15,1,1,289647906156693,6,0,2,0,1,1,0,2.7954058088138596
3267,18,0,0,3,4.750322411881203,16,0,3,0,0,0,0,1.5147637597128956
3268,18,1,2,2,7.598010446454079,0,1,3,0,0,0,040729612939948
3269,15,0,1,3,9.518126549464014,4,1,2,1,0,0,0,3.2084617461840477
3270,18,0,1,2,0.8914008142526164,24,0,1,1,0,0,0,0.621119927824666
3271,15,0,0,2,19.411466652547208,5,0,2,0,0,0,1,2.7996697335356093
3272,15,0,2,1,14.321261068391163,25,1,3,0,0,0,0,1.3023928842500831
3273,15,0,2,3,6.463881306486723,1,0,2,1,1,0,0,3.482452519043289
3274,16,1,2,1,6.373945145707946,26,1,3,0,1,0,0,1.2523485891697115
3275,18,1,0,3,8.970850987369188,24,1,1,0,1,0,0,1.16974580305184
3276,15,1,2,3,12.52489645526066,15,0,0,1,1,0,0,2.2847914471212656
3277,18,1,1,3,2.927461331779355,21,0,2,0,0,0,021019253339771
3278,16,1,1,2,3.7785962752990465,4,0,3,1,0,0,1,2.8973550040674096
3279,15,1,0,2,17.18869165667102,4,0,2,0,1,0,0,3.2759034528026745
3280,17,0,2,2,5.125098477781451,11,0,3,1,1,0,0,2.430091199210449
3281,16,0,2,1,7.603899959503551,2,1,1,1,0,1,0,3.228448079477929
3282,17,1,0,2,17.42543701900234,29,0,2,0,0,0,0,0.21457009096871674
3283,18,1,0,0,13.26295658799645,15,0,3,1,0,0,024030375549312
3284,18,0,2,2,6.834237586833767,5,0,3,1,0,0,03416743887847
3285,16,0,0,1,13.673990914492416,14,0,1,1,0,0,0,1.6998253090682822
3286,18,0,3,1,0.3936643076282742,14,1,2,0,1,1,1956481907808393
3287,17,1,1,1,14.712853200227304,28,0,3,0,0,0,0,0.5242135665585334
3288,15,1,1,2,9.74032081032479,15,0,0,0,0,0,0,1.3026414038177534
3289,15,1,0,2,16.263642945689224,19,1,3,1,0,1,0,2.1371244106086893
3290,15,0,0,0,19.092753040129367,12,0,2,1,0,0,1,2.4222760935888
3291,16,0,3,2,18.515770989891365,11,0,1,0,0,0,0,2.569614181305555
3292,18,1,0,1,18.185300869106815,9,0,3,0,1,0,0,2.70295861751592
3293,17,1,2,2,10.243399118677743,13,1,1,1,1,0,1,2.3116704996467785
3294,18,0,0,2,7.202842282778761,1,0,4,0,1,0,0,3.3849920887606735
3295,18,0,0,2,9.300706494613456,28,1,3,0,0,0,0,0.3907558869817938
3296,18,0,0,2,13.797920066267215,2,1,3,0,0,0,0,3.597766084455523
3297,15,0,1,1,17.679955537423734,8,0,0,0,1,0,0,2.275665113075239
3298,17,1,3,2,4.139726060002391,10,0,4,1,0,0,0,2.7105767007709916
3299,17,0,0,2,18.36386316923406,10,0,3,0,1,0,1,2.5559753763709523
3300,18,0,0,2,16.303604639397783,24,0,1,0,1,0,1277279661856267
3301,15,0,0,2,19.57712030356469,21,1,2,1,0,0,0956913654305778
3302,15,1,1,0,17.605035465633744,9,0,1,0,0,0,0,2.380839869039285
3303,17,1,0,2,5.598746593838133,25,0,4,0,0,0,0,0.66207873669096
3304,15,0,2,2,2.119118226880954,13,1,3,1,0,0,0,1.9965131156897775
3305,15,0,1,1,2.2448214398317723,8,0,4,1,0,0,0,2.1398641508658107
3306,15,0,1,0,5.8244663715655225,19,0,3,0,1,0,0,1.3614347071907387
3307,16,1,0,0,12.283674479690784,26,0,2,0,1,0,0,0.4958590410264636
3308,18,1,3,3,16.086406521943452,20,0,1,0,0,1,0,1.28766735664722
3309,17,1,0,2,17.985006139631295,9,1,1,1,0,0,1,2.6650755516566824
3310,17,0,0,1,12.475067687384655,21,0,1,0,0,0,0,0.954787542101481
3311,16,1,1,1,0.11262625496107459,28,0,2,0,0,0,0
3312,18,0,1,2,3.7263355303706702,8,0,4,0,0,0,1,2.3169599744650875
3313,17,0,0,3,1.994524077067359,28,0,4,1,0,0,1,0.6743629436081446
3314,15,0,0,0,7.2664895113802,4,0,1,0,0,0,0,2.53663378226987
3315,17,1,2,1,10.027019872674918,7,0,3,0,0,1,0,2.3433313526833226
3316,15,0,0,3,0.8679435715712169,10,1,2,0,0,0,0,2.2404508383745223
3317,16,1,2,0,6.969559515913106,0,1,2,0,0,0,0526409582889382
3318,15,1,1,1,3.5835934925064516,20,0,3,1,0,0,0,0.9538406849215224
3319,17,0,0,4,12.941403325177479,9,0,2,1,0,1,1,2.596111264562239
3320,17,0,0,2,9.285447386486801,0,0,4,1,0,1,1
3321,17,1,0,1,9.906352938678175,25,0,3,1,1,0,0823899503415932
3322,16,0,2,0,8.553835760669221,29,0,3,0,1,0,0,0.5282255514744685
3323,16,1,1,0,19.12039420973134,21,0,1,1,0,0,0,1.4627462917493628
3324,18,0,0,1,4.294702502431265,6,0,1,0,0,0,006721725237717
3325,17,1,1,3,10.333285196877487,27,0,2,0,0,0,0,0.47330087090696193
3326,15,1,3,2,14.720347367306719,13,1,3,1,0,0,1,2.3780489451557907
3327,16,1,0,2,11.13688826269125,4,0,4,1,1,0,0,3.546432808712968
3328,17,1,3,3,18.580417714336022,16,1,2,1,0,0,0,2.2884666752569482
3329,17,0,0,2,7.559367112825683,21,0,3,1,0,0,0,1.3399355086329854
3330,16,0,0,1,9.273516115463561,25,0,2,1,0,0,0,0.8131476267952477
3331,18,1,0,2,1.7704463042945684,20,1,1,0,1,0,1,1.5561060712293842
3332,16,1,0,3,12.17998222103857,5,0,3,1,1,0,0,3.262922354666704
3333,16,0,0,3,5.764239368962121,15,1,3,1,0,0,0,2.179357068500431
3334,15,0,0,0,3.206180790311377,10,0,1,1,1,0,1,2.220050546998637
3335,15,0,3,2,10.89062585809016,9,0,2,1,0,0,0,2.226513595090375
3336,18,0,2,2,10.646205267598212,14,0,2,0,0,0,0,1.5656478476708735
3337,17,0,2,3,1.517432824480951,6,0,1,1,0,0,0787778990811447
3338,16,0,0,1,13.964309069889456,22,1,4,0,0,1,0,1.5624112622115092
3339,18,1,0,2,12.475443813017058,1,1,2,1,0,1,0,3.5729453198762804
3340,15,0,0,3,3.780345654929944,11,1,1,0,1,0,073033167181521
3341,16,0,2,2,9.388697243080877,18,0,1,0,1,0,0,1.2889376961826327
3342,17,1,3,2,14.4064583295712,11,0,4,0,0,0,0,2.5474496063949026
3343,15,0,0,0,10.58871481082553,15,0,3,0,0,0,137768574636005
3344,15,0,0,1,7.909781523671404,5,0,3,0,0,0,0,2.915898132959834
3345,15,0,1,1,6.446769161618873,2,1,0,0,0,0,1,2.799063885002723
3346,18,0,0,3,12.207877332881072,1,0,3,0,1,0,0,3.2501100112534
3347,17,0,0,1,18.782173966204812,19,0,2,0,0,1,0,1.8233231026458459
3348,16,1,1,2,13.434896809549668,4,0,3,0,0,1,0,2.992912336093737
3349,18,0,2,2,1.49491807272631,10,1,4,0,0,1,0,2.6317363035461985
3350,18,1,0,1,9.213699469642675,25,1,1,1,0,0,0,0.9326697393710618
3351,18,1,0,2,17.81648263021255,24,0,2,0,0,1,0,0.8722095356275656
3352,15,0,3,2,1.8892485160217376,2,0,0,0,1,0,0,2.4515024403351484
3353,17,1,0,3,19.77751424275087,2,0,2,0,1,0,1,3.4959497421090022
3354,18,0,0,2,18.981387872908428,21,0,1,0,0,0,0888824821778937
3355,16,1,0,2,1.5654896145975172,4,1,4,1,1,0,0,3.9794209177543953
3356,17,1,0,1,18.668266408991098,21,0,2,0,1,1,0,1.521013489971915
3357,16,0,0,3,7.262651805189244,22,0,3,0,0,0,0,0.7662574469888989
3358,17,0,2,1,16.89418334151725,10,0,3,0,0,0,1,2.4713957791802716
3359,16,0,0,2,8.36766675426543,2,0,4,1,0,0,0,3.286585133610396
3360,15,0,0,1,8.817102254050317,12,1,2,1,0,1,0,2.1214734424871557
3361,18,0,1,3,12.684861819550852,20,0,2,0,0,0,0,1.3476334931151805
3362,16,1,1,2,15.489548385519667,7,0,0,0,0,0,0,2.4629431182407853
3363,17,1,2,2,0.6757830189649727,19,1,0,0,0,0,0410289006678957
3364,18,1,2,1,11.863119910542686,9,0,3,1,0,0,0,2.6699790353047614
3365,18,1,0,2,3.7346598819474197,1,1,0,0,0,0,0,2.735041610764964
3366,17,1,2,2,6.918990357264059,3,0,2,0,0,0,0,2.742091793566248
3367,16,1,0,2,6.95937332310433,17,0,0,0,0,0,0,0.9842942952193188
3368,15,1,3,1,9.381206804423073,18,0,3,0,0,1,0,1.4547228982036302
3369,15,0,0,4,6.682728237523468,3,0,2,0,0,1,1,3.1585923238952263
3370,16,0,3,3,2.147222369013355,19,0,1,0,0,0,1674108498772592
3371,18,1,2,1,2.912574770509029,25,0,1,0,1,0,1,0.5694198849254213
3372,18,1,0,3,0.6687597112219534,8,0,2,0,0,0,1,1.934761727404891
3373,18,0,1,2,9.404981706575086,15,0,3,0,0,0,0,1.8491038760645369
3374,18,0,3,2,19.08895389705977,25,0,2,0,0,0,0,0.825019641346986
3375,16,0,2,1,2.313504472962331,5,1,3,1,0,0,0,2.913898458953871
3376,18,0,0,2,18.92528986006164,24,0,1,1,0,1,1,1.1645391660958937
3377,17,1,2,2,14.667230294641872,3,0,0,1,0,0,0,2.928219390714798
3378,18,0,0,2,12.749976058683263,8,1,0,1,1,0,0,2.6523548127186087
3379,15,1,0,2,12.905555106471258,26,0,2,0,0,1,1,0.7093533742145925
3380,18,1,0,2,16.53455296792564,12,0,3,0,0,0,0,2.5094912303073182
3381,16,1,0,2,2.1383972875964274,8,0,1,1,1,0,0,1.979379413769687
3382,15,0,2,0,10.095086471310834,5,0,3,0,0,0,0,2.9562545236156157
3383,16,0,0,3,13.941822765215171,20,0,2,0,0,0,0,1.1919290455522094
3384,16,1,2,2,11.736408901471274,18,1,4,0,0,0,0,1.810037822647263
3385,15,1,0,1,16.655581420465893,13,1,3,0,1,0,0,2.539112848520151
3386,16,1,0,1,1.4454341802270299,20,0,3,1,1,0,0,1.3956306751141432
3387,16,0,0,2,13.814020789983319,14,0,2,0,0,0,0000840111419236
3388,18,1,0,3,10.680554607694354,2,0,4,1,0,0,0,3.4555094110343934
3389,17,0,0,1,7.583217279598868,4,1,4,0,1,0,0,3.2791497270250276
3390,16,1,0,2,6.8054996446806175,20,0,2,0,0,0,1,1.142332879526157
3391,16,1,1,0,12.416652655483858,17,0,2,0,1,1,0,1.8032967626292098
3392,16,1,0,2,17.819907492885296,13,0,2,0,0,0,1,2.1400138778043982
